HTS,HTS Six-Digit,BEC Code,BEC Description,2015 Imports for Consumption,2016 Imports for Consumption,2017 Imports for Consumption,2018 Imports for Consumption,January through April 2019 Imports for Consumption,"Average Imports for 2015, 2016, and 2017",is_electronics
84041000,840410,41,Capital,2726131,2970771,6091290,3454093,245840,3929397.25,True
84068110,840681,41,Capital,0,0,0,0,0,0.0,True
84069020,840690,42,Intermediate,0,0,0,20919,2640,0.0,True
84069030,840690,42,Intermediate,0,0,0,0,0,0.0,True
84069040,840690,42,Intermediate,2332490,945949,970534,416537,69640,1416324.375,True
84069045,840690,42,Intermediate,12190025,10034700,7877187,9016954,1101008,10033971.0,True
84069050,840690,42,Intermediate,88119,0,0,0,0,29373.0,True
84069060,840690,42,Intermediate,0,0,0,0,0,0.0,True
84069070,840690,42,Intermediate,0,0,1300767,0,0,433589.0,True
84069075,840690,42,Intermediate,71302,223702,1725485,268743,94507,673496.3125,True
84073100,840731,53,Intermediate,229035,292810,105835,125590,156165,209226.6719,True
84073210,840732,53,Intermediate,0,48000,0,68663,0,16000.0,True
84073220,840732,53,Intermediate,1798044,1554369,2429974,2884295,282555,1927462.375,True
84073290,840732,53,Intermediate,16422528,10644577,7051228,4945997,823764,11372778.0,True
84073310,840733,53,Intermediate,30213,0,2400,93917,0,10871.0,True
84073330,840733,53,Intermediate,1393013,5950922,18493576,25416048,9489076,8612504.0,True
84073360,840733,53,Intermediate,9515,0,173595,78350,4600,61036.66797,True
84073390,840733,53,Intermediate,34901084,27432660,19604066,24579148,2554899,27312604.0,True
84073414,840734,53,Intermediate,431468,223049,265741,243638,0,306752.6563,True
84073418,840734,53,Intermediate,765779,336461,17630146,49734848,2624157,6244128.5,True
84073425,840734,53,Intermediate,178868,132200,0,2379,0,103689.3359,True
84073444,840734,53,Intermediate,45848,35133,0,0,0,26993.66602,True
84073448,840734,53,Intermediate,792034,1883789,16680687,6361992,735655,6452170.0,True
84073455,840734,53,Intermediate,12708,43492,27805,42498,0,28001.66602,True
84082020,840820,53,Intermediate,35708888,19677578,45386256,48465204,7408676,33590908.0,True
84082090,840820,53,Intermediate,2919875,6673790,6831572,9086608,2761059,5475079.0,True
84099110,840991,53,Intermediate,34082960,31074896,40672224,43957888,7334442,35276692.0,True
84099130,840991,53,Intermediate,19141538,15829832,16373321,19275612,6217210,17114896.0,True
84099150,840991,53,Intermediate,257579760,246054608,234782208,295691776,98870088,246138864.0,True
84099192,840991,53,Intermediate,7675192,8725127,8009153,17701308,14256408,8136490.5,True
84099199,840992,7,Unspecified,172838928,171623904,198848704,270702880,97348056,181103840.0,True
84099910,840999,53,Intermediate,11172008,9233557,16201364,73944664,16859656,12202310.0,True
84099991,840999,53,Intermediate,169820976,133702432,199258896,232476544,89943176,167594096.0,True
84099992,840999,53,Intermediate,3427019,3722510,4566716,7807905,3277226,3905415.0,True
84099999,841000,7,Unspecified,147486672,149758480,167971712,207518592,69583336,155072288.0,True
84129090,841290,42,Intermediate,654745984,947805312,1192510080,985492032,215863776,931687104.0,True
84131100,841311,41,Capital,6143487,5787538,8475893,10427574,3863109,6802306.0,True
84132000,841320,41,Capital,83787264,97646544,107829168,129787336,42808152,96420992.0,True
84133010,841330,41,Capital,9959632,20146508,25763024,25961112,6627711,18623054.0,True
84133090,841330,41,Capital,238748864,255431104,283141920,306630048,91037224,259107296.0,True
84139200,841392,42,Intermediate,5655223,7336570,4702533,16221287,8630396,5898108.5,True
84141000,841410,41,Capital,72552696,66479668,66125352,86412904,34348512,68385904.0,True
84142000,841420,41,Capital,28077842,26175108,32573022,33796336,10440924,28941990.0,True
84144000,841440,41,Capital,3250915,998219,1268083,2155559,133079,1839072.375,True
84145910,841459,41,Capital,1721130,400535,435798,494784,61571,852487.6875,True
84145915,841459,41,Capital,0,23078372,54011480,74704112,23110416,25696618.0,True
84145965,841459,41,Capital,0,280240800,684038144,755905088,234842528,321426304.0,True
84146000,841460,61,Consumption,40363248,49539288,62296360,71337664,17367228,50732964.0,True
84148016,841480,41,Capital,329013184,383029536,399027232,439384192,113882816,370356640.0,True
84148090,841480,41,Capital,19622364,18633112,20956822,22150826,8795801,19737432.0,True
84149010,841490,42,Intermediate,63986744,61522944,65394088,73493744,29149352,63634592.0,True
84151030,841510,61,Consumption,948455616,974165184,1026108032,1269026176,547644224,982909632.0,True
84151060,841510,61,Consumption,141251232,146776688,145479664,122784520,14725510,144502528.0,True
84151090,841510,61,Consumption,91485368,75953872,79429248,89587408,10564792,82289496.0,True
84152000,841520,53,Intermediate,90290208,110324888,149182480,165173184,14198277,116599192.0,True
84158101,841581,41,Capital,36331804,41850924,43700280,43146324,17717632,40627668.0,True
84158201,841582,41,Capital,251802096,331840448,359107360,470422720,168709104,314249984.0,True
84158300,841583,41,Capital,6951040,7749395,16755761,22907336,6566882,10485399.0,True
84163000,841630,41,Capital,3612460,5249689,9311429,4430793,1193398,6057859.5,True
84181000,841810,61,Consumption,463383488,528520704,620912384,737060608,98104344,537605504.0,True
84182100,841821,61,Consumption,251389184,273628384,285942688,358075648,72895912,270320096.0,True
84182910,841829,61,Consumption,17604848,28156952,47653576,69798024,7192457,31138458.0,True
84182920,841829,61,Consumption,2330872,1380673,2181603,2996753,275286,1964382.625,True
84183000,841830,61,Consumption,159997376,181246432,158786032,188836272,37526064,166676608.0,True
84184000,841840,61,Consumption,15927445,19317628,29043434,52538564,14049970,21429502.0,True
84185000,841850,41,Capital,149525136,184189392,207142176,342530016,88010704,180285568.0,True
84186101,841861,41,Capital,3471885,2764038,3314577,3874501,1074469,3183500.0,True
84189100,841891,42,Intermediate,1025169,3045207,2239645,1548773,229237,2103340.25,True
84189940,841899,42,Intermediate,4625883,6653927,6655974,7304144,3891791,5978594.5,True
84189980,841899,42,Intermediate,236137680,207253520,219474368,234678576,64026352,220955184.0,True
84211100,842111,41,Capital,1381978,1306408,1021966,627748,214098,1236784.0,True
84212300,842123,41,Capital,95883504,102704680,119074528,145224512,47831948,105887568.0,True
84213100,842131,41,Capital,64430204,70442576,75973488,83499520,28928508,70282088.0,True
84229004,842290,42,Intermediate,2953055,1854251,84087,50885,0,1630464.375,True
84238100,842381,41,Capital,73976016,80166928,74270440,72699640,15510997,76137792.0,True
84242010,842420,41,Capital,37577192,44386556,54039192,75001640,28488732,45334312.0,True
84242090,842420,41,Capital,136523280,135756256,131314464,151730592,55549196,134531328.0,True
84243010,842430,41,Capital,7784966,8481102,8249801,8235845,1352136,8171956.5,True
84243090,842430,41,Capital,181168272,191059648,262300480,344774688,144351648,211509472.0,True
84244110,842441,41,Capital,0,0,5951671,11971598,3697077,1983890.375,True
84244190,842441,41,Capital,0,0,4702134,7267136,7172955,1567378.0,True
84244900,842449,41,Capital,0,0,6451719,4288145,2224840,2150573.0,True
84249090,842490,42,Intermediate,270058176,248610256,285924864,327581504,85338176,268197760.0,True
84251900,842519,41,Capital,34806720,34079108,36409784,45094304,11804189,35098536.0,True
84253101,842531,41,Capital,97222112,89180144,97181104,113611072,28950792,94527784.0,True
84254100,842541,41,Capital,32439476,37507168,38979120,44075156,14547237,36308588.0,True
84254200,842542,41,Capital,271308960,248766960,267308576,317296576,102895568,262461504.0,True
84254900,842549,41,Capital,144442256,144736704,164381824,191355776,54226676,151186928.0,True
84263000,842630,41,Capital,16701851,27744168,55642844,47152688,226486,33362954.0,True
84269100,842691,41,Capital,1166039,1663284,2417710,884653,630430,1749011.0,True
84279000,842790,41,Capital,83321592,76000912,80662056,170668736,47462216,79994856.0,True
84284000,842840,41,Capital,28112804,27934652,20921400,33983416,7418852,25656286.0,True
84304940,843049,41,Capital,49387592,217858,15320,0,25260,16540257.0,True
84305010,843050,41,Capital,131790,18800,3500,111899,34700,51363.33203,True
84324100,843241,41,Capital,0,0,3733508,2811029,1321170,1244502.625,True
84339010,843390,42,Intermediate,182830720,169053776,188946672,224426384,68446632,180277056.0,True
84411000,844110,41,Capital,87243528,94924056,137382672,160485296,48911776,106516752.0,True
84425010,844250,42,Intermediate,1868024,2330546,1747695,1779575,329383,1982088.375,True
84431500,844315,41,Capital,290436,1280589,32367,334147,225536,534464.0,True
84431600,844316,41,Capital,487691,575930,606773,6293126,2909629,556798.0,True
84433920,844339,41,Capital,449112,137689,159869,49980,93744,248890.0,True
84433930,844339,41,Capital,139519,108978,9184,637430,33250,85893.66406,True
84433940,844339,41,Capital,4000,4704,0,11030,0,2901.333252,True
84433950,844339,41,Capital,468039,676807,505512,346009,108008,550119.3125,True
84439910,844399,41,Capital,67481656,90586360,70125008,60824872,420678,76064344.0,True
84439930,844399,42,Intermediate,17018552,14691661,13384897,6796368,38810,15031703.0,True
84439935,844399,42,Intermediate,7615131,4736211,5397932,4269139,251528,5916424.5,True
84463050,844630,41,Capital,22730,28600,273630,426324,77273,108320.0,True
84485120,844851,42,Intermediate,0,2160,0,9443,0,720.0,True
84511000,845110,41,Capital,3436023,3506123,2101290,1790786,84452,3014478.75,True
84512100,845121,61,Consumption,2221045,3003380,4291373,9753669,5768683,3171932.75,True
84512900,845129,41,Capital,139588864,15600926,11686010,18071114,7470085,55625268.0,True
84513000,845130,41,Capital,10421115,8079499,8609625,18129322,3716424,9036746.0,True
84514000,845140,41,Capital,1905885,957213,1119826,1153964,32726,1327641.375,True
84515000,845150,41,Capital,11722975,14589179,15165152,21638052,6241940,13825769.0,True
84518000,845180,41,Capital,4346028,3972959,4729345,5223285,1642863,4349444.0,True
84519030,845190,42,Intermediate,2171456,3278466,3437000,4080074,1330069,2962307.25,True
84519060,845190,42,Intermediate,0,2340,29237,6175,4860,10525.66699,True
84519090,845190,42,Intermediate,14041895,15447152,13462853,14839684,4457709,14317300.0,True
84522990,845229,41,Capital,13001462,10753083,11813186,10054857,1030052,11855910.0,True
84542000,845420,41,Capital,3738697,2812148,4397577,6776619,740487,3649474.0,True
84592900,845929,41,Capital,15669214,15695220,19735840,19116370,5887266,17033424.0,True
84595900,845959,41,Capital,5492063,4017334,2698410,3323270,1120048,4069269.0,True
84603900,846039,41,Capital,3606768,4126722,3965847,5045743,1176522,3899779.0,True
84615080,846150,41,Capital,30907708,28185364,24906016,24602064,6041703,27999696.0,True
84652010,846520,41,Capital,0,0,166944,5833835,2418764,55648.0,True
84652050,846520,41,Capital,0,0,30925,326537,4000,10308.33301,True
84652080,846520,41,Capital,0,0,320385,239653,37715,106795.0,True
84659100,846591,41,Capital,228697472,269541600,284190656,319989920,86993336,260809904.0,True
84669110,846691,42,Intermediate,4097461,4751341,9394321,15256690,3817226,6081041.0,True
84669315,846693,42,Intermediate,42718560,33408400,39368576,58771496,19830488,38498512.0,True
84671950,846719,41,Capital,122211744,113730584,114985256,114532096,29708700,116975864.0,True
84679901,846799,42,Intermediate,93849664,92946888,110705952,140153776,47251752,99167504.0,True
84682010,846820,41,Capital,3144628,1253618,1430428,1375590,267219,1942891.375,True
84688010,846880,41,Capital,1480660,966635,910407,2481288,969366,1119234.0,True
84689010,846890,42,Intermediate,7507744,6040921,7098668,5812428,1903079,6882444.5,True
84689050,846890,42,Intermediate,6117901,5874257,7272080,8834830,2150752,6421412.5,True
84701000,847010,62,Consumption,83417792,59701520,51559388,52542732,8471534,64892900.0,True
84702100,847021,41,Capital,30175200,28674392,25390032,25710498,7054180,28079874.0,True
84702900,847029,41,Capital,4645883,3516794,3338691,2974709,184191,3833789.25,True
84703000,847030,41,Capital,6449475,4864644,6655246,3313401,1104525,5989788.5,True
84709001,847090,41,Capital,26142160,40988536,68047232,80306048,22831412,45059308.0,True
84715001,847150,41,Capital,3229932288,3279923712,4394781696,5521236480,560472384,3634879232.0,True
84716010,847160,41,Capital,118374240,178047472,207718464,297790976,22376828,168046720.0,True
84716070,847160,41,Capital,54659012,76813552,54914168,58674016,18703490,62128912.0,True
84716090,847160,41,Capital,678637440,740042688,644483136,855950400,197091328,687721088.0,True
84717010,847170,41,Capital,28697352,13234295,6882848,11275384,618397,16271498.0,True
84717020,847170,41,Capital,306964512,298560192,58384368,30778032,453490,221303024.0,True
84717050,847170,41,Capital,685680000,655226432,587036672,322358400,22430728,642647680.0,True
84718010,847180,41,Capital,2272433408,1846577920,1171040256,1552919552,263763888,1763350528.0,True
84718040,847180,41,Capital,74393744,93371232,83007088,106944392,8304984,83590688.0,True
84718090,847180,41,Capital,426533440,497427072,340803360,256069632,62532384,421587968.0,True
84719000,847190,41,Capital,329107808,305490400,301346144,287971488,39126180,311981440.0,True
84721000,847210,41,Capital,1713357,1389053,1281383,937866,145391,1461264.375,True
84723000,847230,41,Capital,2514671,2745150,2090465,2609257,874919,2450095.25,True
84729005,847290,41,Capital,47016,31551,77051,40054,0,51872.66797,True
84729010,847290,41,Capital,75709008,91377896,93764704,37662016,7198080,86950536.0,True
84729060,847290,41,Capital,32169,17500,80538,16301,203962,43402.33203,True
84729090,847290,41,Capital,300279584,252344896,234934880,265722528,75425960,262519792.0,True
84732100,847321,42,Intermediate,2394587,2211177,1672006,1278631,254590,2092590.0,True
84732900,847329,42,Intermediate,114276336,132566088,142746576,156058336,21489584,129863000.0,True
84733011,847330,42,Intermediate,7739730432,7310295552,11613531136,12549736448,809407808,8887852032.0,True
84733051,847330,42,Intermediate,2865228288,2764951552,3100315136,3135344896,495648256,2910164992.0,True
84733091,847330,42,Intermediate,201473776,122157728,363084832,390182720,47026316,228905440.0,True
84734021,847340,42,Intermediate,0,0,81886,39574,5852,27295.33398,True
84734041,847340,42,Intermediate,0,0,493217,209950,40375,164405.6719,True
84762100,847621,41,Capital,6694422,4149783,4033233,1556919,51904,4959146.0,True
84762900,847629,41,Capital,109132,359859,1243566,783840,86530,570852.3125,True
84768100,847681,41,Capital,161091,86654,132882,1763279,298259,126875.6641,True
84769000,847690,42,Intermediate,40172096,32722308,30676128,28808036,9214970,34523512.0,True
84775901,847759,41,Capital,5476694,4849370,5534534,13379977,7926046,5286866.0,True
84796000,847960,41,Capital,7389366,13384789,21135028,24128558,4828004,13969728.0,True
84797100,847971,41,Capital,21840,300000,0,22012,0,107280.0,True
84798910,847989,41,Capital,111078216,124673808,174294256,202613536,38770008,136682096.0,True
84798920,847989,41,Capital,15342398,12822210,14765275,15135657,3406706,14309961.0,True
84798970,847989,41,Capital,850651,1164046,917006,1030771,243060,977234.3125,True
84798994,847989,41,Capital,0,161083536,474778144,581159424,240350432,211953888.0,True
84801000,848010,41,Capital,1603570,1904142,1279006,2854976,403605,1595572.625,True
84807910,848079,41,Capital,611611,624415,407094,198960,262370,547706.6875,True
84807990,848079,41,Capital,48161384,47062804,65452256,80952240,20677026,53558816.0,True
84813010,848130,42,Intermediate,20486272,20560464,24005860,33304276,5629850,21684198.0,True
84818010,848180,42,Intermediate,905456704,872235392,930234880,1066901824,268956192,902642304.0,True
84818030,848180,42,Intermediate,501281408,343936960,432975776,755054912,221273472,426064704.0,True
84818050,848180,42,Intermediate,385570560,434772864,506006496,606277120,172678608,442116640.0,True
84818090,848180,42,Intermediate,376347136,340002912,384681248,469376064,142885248,367010432.0,True
84821010,848210,42,Intermediate,15956033,10276894,13107255,15394233,5507601,13113394.0,True
84831010,848310,42,Intermediate,21741614,23921028,30964012,54405208,21075142,25542218.0,True
84831030,848310,42,Intermediate,54403392,30184348,33294414,42343952,17220930,39294052.0,True
84831050,848310,42,Intermediate,138809808,134775200,169681088,224124432,67390272,147755360.0,True
84832040,848320,42,Intermediate,22415714,19789738,24966628,30387692,8458229,22390694.0,True
84832080,848320,42,Intermediate,13419226,15075937,18734112,24972480,8738078,15743092.0,True
84834050,848340,42,Intermediate,489428000,335935968,233918768,363733088,197729744,353094240.0,True
84834070,848340,42,Intermediate,11953798,4763219,8606360,18055422,8897022,8441126.0,True
84835040,848350,42,Intermediate,319895,246536,291148,1072058,129735,285859.6563,True
84836080,848360,42,Intermediate,12823888,11939830,14741187,18390908,6639180,13168302.0,True
84839050,848390,42,Intermediate,204113120,185357392,209858848,279209888,88962408,199776448.0,True
85014020,850140,41,Capital,71173008,70603712,65045796,87220976,29664130,68940840.0,True
85014040,850140,41,Capital,345792768,341472416,359560448,419950080,134382240,348941888.0,True
85014050,850140,41,Capital,9842568,10321816,12042851,16259347,2171336,10735745.0,True
85014060,850140,41,Capital,79434256,81728576,96794312,105743728,32866980,85985712.0,True
85016100,850161,41,Capital,24368186,21783528,37901128,66674528,21193922,28017614.0,True
85022000,850220,41,Capital,321598336,337090880,516925824,879315392,98457928,391871680.0,True
85043120,850431,41,Capital,120206512,102035280,101212896,96923280,19854408,107818232.0,True
85043140,850431,41,Capital,108915656,109607136,117185512,124131696,36592668,111902768.0,True
85043160,850431,41,Capital,14836097,12256661,13191160,7696599,1797453,13427973.0,True
85044060,850440,41,Capital,606038592,530064288,529360768,565729024,112423360,555154560.0,True
85044070,850440,41,Capital,607575424,613152448,602014592,618666688,121522840,607580800.0,True
85044085,850440,41,Capital,966597504,887741632,926226880,974464448,238807488,926855360.0,True
85044095,850440,41,Capital,2268244224,2110748544,2266664192,2677646848,746588224,2215218944.0,True
85045040,850450,41,Capital,95622080,110889256,92259464,133781960,22493412,99590264.0,True
85045080,850450,41,Capital,154600912,192188208,192884864,216167824,54131104,179891328.0,True
85049020,850490,42,Intermediate,23508564,27417660,17803602,26326044,7712541,22909942.0,True
85051920,850519,41,Capital,6862830,8024623,7922128,12638734,3115482,7603193.5,True
85051930,850519,41,Capital,52520724,53053464,58229912,66981208,11911769,54601368.0,True
85061000,850610,63,Consumption,155917872,163764944,205721264,262503392,69868720,175134688.0,True
85063010,850630,63,Consumption,72150,49576,470110,358267,131374,197278.6719,True
85063050,850630,63,Consumption,346113,375549,182185,263351,134364,301282.3438,True
85068000,850680,63,Consumption,56554972,58165716,52282548,36923756,3534024,55667744.0,True
85071000,850710,53,Intermediate,59128216,91739280,77580072,78910584,19784948,76149192.0,True
85072040,850720,53,Intermediate,910504,600469,474945,5093320,772050,661972.6875,True
85072080,850720,53,Intermediate,298614528,274840960,304065984,358128064,63387932,292507168.0,True
85073040,850730,53,Intermediate,142435,192453,176817,868946,50509,170568.3281,True
85074040,850740,53,Intermediate,126823,36300,3696,20124,4995,55606.33203,True
85074080,850740,53,Intermediate,646926,682891,519773,743511,255762,616530.0,True
85075000,850750,53,Intermediate,72025040,58029920,58967920,57011608,15666694,63007628.0,True
85081100,850811,61,Consumption,1530674944,1473095680,1711315456,1990219648,381255808,1571695360.0,True
85081900,850819,0,Multiple,41309620,48724380,61073436,150700176,9023097,50369144.0,True
85086000,850860,0,Multiple,16262194,24454672,32992962,42200772,5547133,24569942.0,True
85087000,850870,0,Multiple,83630208,74917416,91211656,98295184,25914350,83253096.0,True
85098020,850980,61,Consumption,38146260,43698160,52222584,58340392,12842831,44689000.0,True
85099025,850990,22,Intermediate,103648,55839,34723,613612,191825,64736.66797,True
85099035,850990,22,Intermediate,580290,1019129,1845503,1761000,295232,1148307.375,True
85099045,850990,22,Intermediate,4259649,3540158,3425312,1211017,271820,3741706.25,True
85099055,850990,22,Intermediate,134420528,145338144,170329248,159992704,20735576,150029312.0,True
85102010,851020,61,Consumption,4784404,4431124,1804104,1939530,433784,3673210.75,True
85102090,851020,61,Consumption,158171904,118540768,115843616,112823096,28700384,130852096.0,True
85109010,851090,22,Intermediate,3121772,3976462,5049146,5324977,2329007,4049126.75,True
85109020,851090,22,Intermediate,8420416,4671707,5318041,4708891,1208183,6136721.5,True
85109030,851090,22,Intermediate,563095,703983,1283178,1090080,205212,850085.3125,True
85109040,851090,22,Intermediate,29448198,17872084,18108192,31112714,8973460,21809492.0,True
85109055,851090,22,Intermediate,956927,417644,402182,3546335,873090,592251.0,True
85111000,851110,53,Intermediate,13198625,13208141,23318222,37294104,7095780,16574996.0,True
85112000,851120,53,Intermediate,15878850,17034624,12791385,15930695,5363149,15234953.0,True
85113000,851130,53,Intermediate,101133344,134281264,116620176,137795424,49130432,117344928.0,True
85114000,851140,53,Intermediate,151082352,137426704,169517904,175837232,58933340,152675648.0,True
85115000,851150,53,Intermediate,96811424,95009616,113537392,115801392,35552896,101786144.0,True
85118060,851180,53,Intermediate,15564506,15638747,14326946,16177669,3776749,15176733.0,True
85119060,851190,53,Intermediate,62725520,63946008,64655280,64441992,17067678,63775604.0,True
85122020,851220,53,Intermediate,435985632,485988000,496143168,547580928,146673120,472705600.0,True
85122040,851220,53,Intermediate,104702808,108876552,127113088,148452448,47988864,113564152.0,True
85123000,851230,53,Intermediate,47275720,40669328,40805612,43852956,9139159,42916888.0,True
85124020,851240,53,Intermediate,1340262,910374,515410,803195,68785,922015.3125,True
85124040,851240,53,Intermediate,37098748,34072744,33950732,36265896,11044513,35040740.0,True
85129020,851290,22,Intermediate,50965324,47944700,50322200,48569388,15365699,49744076.0,True
85129040,851290,22,Intermediate,1244840,1031883,1107496,2160487,151354,1128073.0,True
85129060,851290,22,Intermediate,209436272,187572288,217406656,225381840,79601536,204805072.0,True
85129070,851290,22,Intermediate,7699,170597,92299,282236,0,90198.33594,True
85129090,851290,22,Intermediate,141647312,167622064,165777744,175988688,46596496,158349040.0,True
85139020,851390,22,Intermediate,8758547,8095577,5641917,4665154,890027,7498680.5,True
85139040,851390,22,Intermediate,6044805,6639521,5434684,7877053,1414568,6039670.0,True
85142040,851420,41,Capital,12299106,10298128,10005628,10999462,1432261,10867621.0,True
85149040,851490,42,Intermediate,1019316,7736146,4057172,4479099,1113881,4270878.0,True
85162100,851621,61,Consumption,41371112,29176472,30766416,38854784,791947,33771332.0,True
85162900,851629,61,Consumption,625008128,441271296,406127744,525288160,41161792,490802400.0,True
85166040,851660,61,Consumption,388632320,389304576,484344128,689024192,140182864,420760352.0,True
85168040,851680,22,Intermediate,16929788,17550624,13850625,17716048,3596922,16110346.0,True
85168080,851680,22,Intermediate,76131264,51213600,57414768,59424240,13976077,61586544.0,True
85169005,851690,22,Intermediate,16465710,14640779,11487281,11589263,2795015,14197923.0,True
85169015,851690,22,Intermediate,553285,376935,318854,286207,87158,416358.0,True
85169025,851690,22,Intermediate,76416,34639,39533,123446,22003,50196.0,True
85169035,851690,22,Intermediate,171414,351582,72794,180275,235670,198596.6719,True
85169045,851690,22,Intermediate,1940064,246835,211456,177762,43281,799451.6875,True
85169050,851690,22,Intermediate,22330414,20471880,20848694,20059268,5707612,21216996.0,True
85169055,851690,22,Intermediate,148774,430074,875319,2302651,773046,484722.3438,True
85169065,851690,22,Intermediate,1150295,1345322,850545,1961226,521342,1115387.375,True
85169075,851690,22,Intermediate,177180,78011,72476,137118,26123,109222.3359,True
85169080,851690,22,Intermediate,104045296,84228608,95061584,94978496,27929064,94445160.0,True
85169085,851690,22,Intermediate,0,16000,22289,4341,0,12763.0,True
85169090,851690,22,Intermediate,49503476,37425780,50463928,40541356,10809163,45797728.0,True
85176900,851769,41,Capital,833546752,691433280,947691776,623116224,52117896,824223936.0,True
85181040,851810,41,Capital,8433291,8415390,9985540,9587126,2322967,8944740.0,True
85184010,851840,41,Capital,794081,5062571,7149308,1677971,218931,4335320.0,True
85184020,851840,41,Capital,318027520,283100096,276050240,285564000,73552000,292392608.0,True
85185000,851850,41,Capital,66033024,66260316,65036120,62936440,13887762,65776488.0,True
85189020,851890,42,Intermediate,1772395,1778703,1780018,1891436,198592,1777038.625,True
85189041,851890,42,Intermediate,0,613773,1479994,1407758,460111,697922.3125,True
85189060,851890,42,Intermediate,2856025,1999267,1659571,2055341,490427,2171621.0,True
85189081,851890,42,Intermediate,0,41977664,93596976,99444248,29692484,45191548.0,True
85198130,851981,0,Multiple,89006592,65952260,63276600,52562304,6552483,72745152.0,True
85221000,852210,42,Intermediate,80454,89435,261212,659625,137756,143700.3281,True
85229025,852290,42,Intermediate,181456,208715,733205,500687,61511,374458.6563,True
85229036,852290,42,Intermediate,0,965402,2719995,997717,478859,1228465.625,True
85229045,852290,42,Intermediate,103757,21235,104358,171294,16653,76450.0,True
85229058,852290,42,Intermediate,0,111524,246200,8350,2806,119241.3359,True
85229065,852290,42,Intermediate,1418248,1137740,1905584,2179732,391693,1487190.625,True
85229080,852290,42,Intermediate,0,11073249,19522342,13511775,5450043,10198530.0,True
85232100,852321,0,Multiple,39206992,5566549,7647044,8012523,2618826,17473528.0,True
85234940,852349,0,Multiple,16369320,11157913,9496961,4927230,1793454,12341398.0,True
85235200,852352,0,Multiple,208825744,174930592,281474048,186433936,39763208,221743456.0,True
85235900,852359,0,Multiple,27997608,21824992,25083712,45362104,14345758,24968770.0,True
85255030,852550,41,Capital,648194688,631290880,521832480,432989088,110820352,600439360.0,True
85258030,852580,41,Capital,758082944,873953280,950152064,1323577856,377075648,860729408.0,True
85258050,852580,61,Consumption,250867984,280879808,392833376,368487872,59392444,308193728.0,True
85272115,852721,53,Intermediate,0,24525,3000,287184,0,9175.0,True
85272125,852721,53,Intermediate,0,979331,1497579,1882152,471377,825636.6875,True
85272140,852721,53,Intermediate,761434624,539504384,452797920,446420832,36462520,584578944.0,True
85272940,852729,53,Intermediate,16377698,14825704,12556041,26346866,8965396,14586481.0,True
85272980,852729,53,Intermediate,5690172,6039723,5715109,8516659,1771107,5815001.5,True
85284200,852842,41,Capital,0,0,5831447,1090659,308609,1943815.625,True
85284915,852849,41,Capital,12859,226452,106742,133831,64694,115351.0,True
85284920,852849,41,Capital,19912,25900,7155,0,0,17655.66602,True
85284935,852849,41,Capital,65000,146104,8390,0,0,73164.66406,True
85284945,852849,41,Capital,5944,14820,0,0,0,6921.333496,True
85284960,852849,41,Capital,0,40000,0,18078,0,13333.33301,True
85284980,852849,41,Capital,60036,20421,5135,24917,12793,28530.66602,True
85285905,852859,41,Capital,6417364,4847661,2719431,1848289,539745,4661485.5,True
85285910,852859,41,Capital,44610180,43419096,72240304,129640336,27176068,53423192.0,True
85286905,852869,61,Consumption,182813,374890,92288,132828,10000,216663.6719,True
85286910,852869,61,Consumption,6298373,10252815,9145888,11421864,696413,8565692.0,True
85286920,852869,61,Consumption,1297032,27203,22551,59101,0,448928.6563,True
85286930,852869,61,Consumption,30356,8848,21658,0,0,20287.33398,True
85287204,852872,61,Consumption,59437,58169,42397,45371,0,53334.33203,True
85287212,852872,61,Consumption,6674,0,0,19328,0,2224.666748,True
85287220,852872,61,Consumption,115153,54720,131876,45850,0,100583.0,True
85287224,852872,61,Consumption,19001,12538,93590,226127,5000,41709.66797,True
85287228,852872,61,Consumption,6060,0,114545,6377,0,40201.66797,True
85287236,852872,61,Consumption,0,49116,9576,0,0,19564.0,True
85287240,852872,61,Consumption,321825,179540,3795,0,0,168386.6719,True
85287244,852872,61,Consumption,0,4012680,0,0,0,1337560.0,True
85287300,852873,41,Capital,442259,411808,327246,215730,21800,393771.0,True
85291021,852910,42,Intermediate,0,42217840,81132032,79102072,25388678,41116624.0,True
85299004,852990,42,Intermediate,0,10331,69883,636966,355391,26738.0,True
85299036,852990,42,Intermediate,1522896,1340254,1072892,524661,56018,1312014.0,True
85299039,852990,42,Intermediate,19308784,29029970,19833054,24365838,4240048,22723936.0,True
85299043,852990,42,Intermediate,98539,18241,134582,80633,3931,83787.33594,True
85299049,852990,42,Intermediate,9280888,13051056,21318100,24006178,6086796,14550015.0,True
85299054,852990,42,Intermediate,0,0,17816064,20268674,1639316,5938688.0,True
85299075,852990,42,Intermediate,16288380,15936702,12347446,30682308,9451984,14857509.0,True
85299086,852990,42,Intermediate,114265720,104573000,90231960,102777792,26046372,103023560.0,True
85299088,852990,42,Intermediate,56236,135473,0,110485,2288,63903.0,True
85311000,853110,41,Capital,229357440,253366944,381277344,366223840,73712824,288000576.0,True
85312000,853120,41,Capital,590735936,563318464,600504960,583505344,94200056,584853120.0,True
85319015,853190,42,Intermediate,27165172,12946515,13048181,15948460,5045653,17719956.0,True
85319030,853190,42,Intermediate,23704500,24830448,20327572,18192072,3882625,22954174.0,True
85319075,853190,42,Intermediate,20599108,17628464,19743568,34330436,3547842,19323714.0,True
85319090,853190,42,Intermediate,136586656,149518160,146083056,158932560,48634872,144062624.0,True
85333900,853339,42,Intermediate,27535008,34408804,32509232,28951952,6973636,31484348.0,True
85340000,853400,42,Intermediate,903877888,891838016,907485056,971125824,260367104,901067008.0,True
85354000,853540,42,Intermediate,32160716,31174274,34163488,31020980,5380677,32499492.0,True
85366100,853661,42,Intermediate,40854096,36504292,35423316,31798912,8608807,37593900.0,True
85366980,853669,42,Intermediate,280930400,286485344,308519296,359791104,99795040,291978336.0,True
85371091,853710,42,Intermediate,0,698563072,1460714752,1942385408,641198400,719759296.0,True
85389010,853890,42,Intermediate,28010460,20157848,22297932,25008748,3948939,23488746.0,True
85389030,853890,42,Intermediate,91268960,87446968,92350848,132395112,31917942,90355592.0,True
85391000,853910,53,Intermediate,23446732,12635895,22766416,37535632,8337651,19616348.0,True
85392120,853921,63,Consumption,30897462,24930820,24741078,22207456,3215987,26856454.0,True
85392140,853921,63,Consumption,102597024,85274416,52883340,52336548,14977684,80251592.0,True
85393100,853931,42,Intermediate,501952960,271091648,172453936,125096680,34768976,315166176.0,True
85393200,853932,42,Intermediate,74212648,68140528,69781792,55266624,16093104,70711656.0,True
85393910,853939,42,Intermediate,0,145906,138681,290862,362207,94862.33594,True
85393990,853939,42,Intermediate,0,5440954,12470904,9274825,2102109,5970619.5,True
85394900,853949,42,Intermediate,33711304,27283712,18078518,21283640,5825045,26357844.0,True
85401110,854011,42,Intermediate,0,4480,0,0,0,1493.333374,True
85401124,854011,42,Intermediate,0,0,0,0,0,0.0,True
85401128,854011,42,Intermediate,2400,0,0,0,0,800.0,True
85401130,854011,42,Intermediate,0,0,6280,161652,0,2093.333252,True
85401144,854011,42,Intermediate,0,0,14802,0,0,4934.0,True
85401148,854011,42,Intermediate,0,0,0,0,0,0.0,True
85401150,854011,42,Intermediate,0,0,0,6625,0,0.0,True
85401210,854012,42,Intermediate,0,0,0,2225,0,0.0,True
85401220,854012,42,Intermediate,0,0,0,0,0,0.0,True
85401250,854012,42,Intermediate,0,0,2420,0,0,806.666687,True
85401270,854012,42,Intermediate,0,0,0,0,0,0.0,True
85402020,854020,42,Intermediate,4250,3300,26250,14837,0,11266.66699,True
85402040,854020,42,Intermediate,5294421,5697827,5537227,7536414,2253772,5509825.0,True
85404010,854040,42,Intermediate,89735,36649,42509,113797,13005,56297.66797,True
85406000,854060,42,Intermediate,0,25959,0,0,0,8653.0,True
85407120,854071,42,Intermediate,743267,1226500,1409480,2285398,765431,1126415.625,True
85407140,854071,42,Intermediate,1661590,2605157,2767478,1883283,244387,2344741.75,True
85408100,854081,42,Intermediate,3022807,1972049,3005600,2706761,1095735,2666818.75,True
85409115,854091,42,Intermediate,3675,0,0,0,0,1225.0,True
85409120,854091,42,Intermediate,30169,11570,19551,51614,33826,20430.0,True
85409150,854091,42,Intermediate,133639,25643,75184,24017,24392,78155.33594,True
85409940,854099,42,Intermediate,25995,3200,10560,25068,0,13251.66699,True
85409980,854099,42,Intermediate,278982,93730,79659,348886,101470,150790.3281,True
85437071,854370,41,Capital,0,0,565926784,469646400,75107968,188642256.0,True
85437085,854370,41,Capital,31616220,30213196,33449034,37712368,6881307,31759484.0,True
85437091,854370,41,Capital,0,10768307,53410912,78345320,26447412,21393072.0,True
85439085,854390,42,Intermediate,1488894,1107511,3608854,9146271,1293098,2068419.625,True
85439088,854390,42,Intermediate,130490248,199847600,378737536,1094597504,402991200,236358464.0,True
85442000,854420,22,Intermediate,305598048,299723104,268699712,288219008,77321864,291340288.0,True
85444210,854442,22,Intermediate,56310480,63292620,63780824,67085144,17021154,61127976.0,True
85444220,854442,22,Intermediate,1124003072,1092986368,1201370624,1409804288,346339552,1139453312.0,True
85444290,854442,22,Intermediate,1381936128,1308315776,1392191232,1701592960,422950048,1360814336.0,True
85451100,854511,42,Intermediate,28177996,11169347,58174872,229811616,18905416,32507404.0,True
85451920,854519,42,Intermediate,6047305,1093927,1460037,3912788,2226534,2867089.75,True
85451940,854519,42,Intermediate,9404351,9031936,12061273,20460608,4062877,10165853.0,True
85452000,854520,42,Intermediate,4816827,4707282,4596573,5409725,1467145,4706894.0,True
85459020,854590,42,Intermediate,7262563,676032,1900050,1949307,4592,3279548.25,True
85459040,854590,42,Intermediate,4522906,3901884,3062488,14463760,5092614,3829092.75,True
85461000,854610,42,Intermediate,11700350,11150299,13200088,19028196,2460888,12016912.0,True
85462000,854620,42,Intermediate,48956604,40463392,37607376,49779400,10824029,42342456.0,True
85469000,854690,42,Intermediate,50968132,49932188,60819112,62282344,16824896,53906476.0,True
85471040,854710,22,Intermediate,116413,74372,153242,188981,130324,114675.6641,True
85471080,854710,22,Intermediate,10910949,8032288,10998843,16718612,5492249,9980693.0,True
85472000,854720,22,Intermediate,28231764,23489260,25770704,32538196,6938730,25830576.0,True
85479000,854790,22,Intermediate,16273326,23689562,29365996,45119936,9308234,23109628.0,True
85489001,854890,42,Intermediate,31533680,28395366,32507422,39747752,19496168,30812156.0,True
