HTS,HTS Six-Digit,BEC Code,BEC Description,2015 Imports for Consumption,2016 Imports for Consumption,2017 Imports for Consumption,2018 Imports for Consumption,January through April 2019 Imports for Consumption,"Average Imports for 2015, 2016, and 2017"
28459000,284590,22,Intermediate,2638053,4825914,3640230,2996412,846671,3701399
40113000,401130,53,Intermediate,94494,153721,58039,91231,0,102084.6641
40121300,401213,53,Intermediate,20750,106890,5424,1127,0,44354.66797
84011000,840110,41,Capital,0,0,5154,0,130024,1718
84012000,840120,41,Capital,39860,52403,3366,60447,0,31876.33398
84013000,840130,41,Capital,0,0,42000,0,0,14000
84014000,840140,42,Intermediate,0,2772,0,4996,0,924
84021100,840211,41,Capital,10974,22378904,8692,6770,0,7466190
84021200,840212,41,Capital,18406,104945,2588,8621,0,41979.66797
84021900,840219,41,Capital,393757,142090,773423,187482,51919,436423.3438
84022000,840220,41,Capital,2015,28932,446500,580050,0,159149
84029000,840290,42,Intermediate,29048124,79423296,89269088,19706052,6300688,65913504
84042000,840420,41,Capital,331190,638622,2302792,418960,17127,1090868
84049000,840490,42,Intermediate,8226638,8671346,7898616,9941696,146151,8265533.5
84051000,840510,41,Capital,440542,340210,2869555,1748444,541438,1216769
84059000,840590,42,Intermediate,683868,664466,6154629,642808,1601855,2500987.75
84061010,840610,41,Capital,0,0,0,0,0,0
84061090,840610,41,Capital,5433,0,0,0,0,1811
84068190,840681,41,Capital,0,0,0,0,0,0
84068290,840682,41,Capital,755000,0,11434,49630,0,255478
84071000,840710,53,Intermediate,83868,70873,34800,125269,17831,63180.33203
84072100,840721,522,Consumption,117382488,119393080,122046504,124087240,25898832," 119,607,360 "
84072900,840729,53,Intermediate,6815578,12135937,13707360,6613341,13800,10886292
84081000,840810,53,Intermediate,59457,179609,229464,129246,350689,156176.6719
84089010,840890,41,Capital,3110325,1740522,1605266,4389402,2649390,2152037.75
84089090,840890,41,Capital,100615128,78922032,110194424,110418912,5786091,96577192
84091000,840910,53,Intermediate,1373851,1032287,995285,441063,141842,1133807.625
84101100,841011,41,Capital,71301,73414,5694,176070,0,50136.33203
84101200,841012,41,Capital,407028,322000,0,583700,0,243009.3281
84101300,841013,41,Capital,0,0,0,0,0,0
84109000,841090,42,Intermediate,20472452,14178339,16204067,14500606,2058540,16951620
84111140,841111,53,Intermediate,4166195,0,0,22039,0,1388731.625
84111180,841111,53,Intermediate,63423,6568,11729,0,19723,27240
84111240,841112,53,Intermediate,16651653,19460266,34816592,127792864,31178084,23642836
84111280,841112,53,Intermediate,86160,103305,0,0,11223,63155
84112140,841121,53,Intermediate,0,147853,0,10820,0,49284.33203
84112180,841121,53,Intermediate,0,0,0,0,0,0
84112240,841122,53,Intermediate,0,0,0,0,0,0
84112280,841122,53,Intermediate,0,0,0,0,0,0
84118140,841181,53,Intermediate,3529400,813562,335105,41520,0,1559355.625
84118180,841181,53,Intermediate,0,0,0,0,3492012,0
84118240,841182,53,Intermediate,0,0,5000000,0,0,1666666.625
84118280,841182,53,Intermediate,0,0,1624588,1773932,0,541529.3125
84119110,841191,53,Intermediate,3386695,3068893,5880726,3177203,103281,4112104.75
84119190,841191,53,Intermediate,291985504,319202912,321174912,345683584,134023096,310787776
84119910,841199,53,Intermediate,1788200,2798376,4140672,509384,25338,2909082.75
84119990,841199,53,Intermediate,197244320,254284336,193878976,146213376,38361340,215135872
84121000,841210,53,Intermediate,109484,273974,369950,324963,170612,251136
84122100,841221,41,Capital,133289880,130804712,161250704,195999536,57184412,141781760
84122940,841229,41,Capital,786424,226194,1845308,1849185,0,952642
84122980,841229,41,Capital,30320656,37544568,48789016,58061372,15881222,38884748
84123100,841231,41,Capital,27899580,27464000,32989772,30273778,8652602,29451118
84123900,841239,41,Capital,15128734,15716658,19237248,26030068,4527876,16694213
84128010,841280,41,Capital,2177955,2140683,2562410,4867637,1925444,2293682.75
84128090,841280,41,Capital,5838318,7369055,9682553,6654798,1136425,7629975.5
84129010,841290,42,Intermediate,451635,249495,260869,682515,30988,320666.3438
84131900,841319,41,Capital,16932120,18646792,21622556,27037376,2171400,19067156
84134000,841340,41,Capital,315648,947730,257647,377755,0,507008.3438
84135000,841350,41,Capital,294498304,173030896,225330000,213461440,85316152,230953072
84136000,841360,41,Capital,192006848,143365120,158112768,208857248,66053976,164494912
84137010,841370,41,Capital,362871,164236,281957,520170,8005,269688
84137020,841370,41,Capital,367369600,313451264,354740416,376143168,135729056,345187104
84138100,841381,41,Capital,117864088,116064968,133096552,116183720,30577150,122341872
84138200,841382,41,Capital,1683214,736117,559289,883982,219260,992873.3125
84139110,841391,42,Intermediate,28270052,24095364,13554854,24377180,7338268,21973424
84139120,841391,42,Intermediate,1463529,849948,383889,762598,244489,899122
84139190,841391,42,Intermediate,802662656,638247808,803155648,850226432,255383232,748022016
84143040,841430,41,Capital,51084688,51215788,62564672,13579776,7687490,54955048
84143080,841430,41,Capital,263942080,301241984,304755008,294942784,118717504,289979680
84145930,841459,41,Capital,5770927,6978675,7795655,5489741,1283257,6848419
84148005,841480,41,Capital,19563546,16977616,25641568,30963784,11276701,20727576
84148020,841480,41,Capital,15705910,13593779,20597340,16101005,4088478,16632343
84149030,841490,42,Intermediate,50094800,33167266,43585816,35929356,9930084,42282628
84149041,841490,42,Intermediate,183449712,163345840,209080896,232800080,71181400,185292144
84149090,841490,42,Intermediate,45925704,37697556,41262728,41685456,10357518,41628664
84169000,841690,42,Intermediate,39902184,33613896,24360636,22805768,6832268,32625572
84171000,841710,41,Capital,9849864,9272466,7063890,916578,1345801,8728740
84178000,841780,41,Capital,5538363,10463130,4473002,5205147,541935,6824831.5
84179000,841790,42,Intermediate,13107847,22821084,13367008,16028782,7701100,16431980
84186901,841869,41,Capital,373210624,431024800,455472000,390790560,87165040,419902464
84191100,841911,41,Capital,6548625,6353105,7265281,8362975,564233,6722337
84191900,841919,41,Capital,3692589,4487616,5339624,4180731,1142540,4506609.5
84193100,841931,41,Capital,1036178,839790,301315,2161926,394493,725761
84193210,841932,41,Capital,3140393,447189,352811,834748,252213,1313464.375
84193250,841932,41,Capital,297546,393458,146751,965733,107581,279251.6563
84193901,841939,41,Capital,19081028,16685099,36391916,17561868,3048902,24052680
84194000,841940,41,Capital,10631706,4597895,9589908,50780668,2531943,8273169.5
84195010,841950,41,Capital,21805102,36585468,22195964,55311120,9621762,26862178
84195050,841950,41,Capital,94907592,109103520,180876704,191355504,33438428,128295936
84196050,841960,41,Capital,2772119,26256256,2014468,15459359,5150979,10347614
84198960,841989,41,Capital,14196,145890,46660,144643,0,68915.33594
84199010,841990,42,Intermediate,18920768,14437316,12957336,16524328,2016211,15438473
84199020,841990,42,Intermediate,1558601,3319972,3062183,1704849,15826752,2646918.75
84199030,841990,42,Intermediate,80277768,81434896,65859376,71878184,22908028,75857344
84199050,841990,42,Intermediate,26343898,4621666,6180514,11988739,3063989,12382026
84199085,841990,42,Intermediate,269415,1778500,387953,997554,248828,811956
84199095,841990,42,Intermediate,60147480,54092948,75964280,54647880,16847248,63401568
84201090,842010,41,Capital,21353358,18709952,24630660,19403034,5533758,21564656
84209110,842091,42,Intermediate,160587,139463,164812,23450,27600,154954
84209120,842091,42,Intermediate,0,34870,0,45630,4774,11623.33301
84209190,842091,42,Intermediate,1183738,514970,228197,473738,354068,642301.6875
84209920,842099,42,Intermediate,124578,84470,73842,55364,2200,94296.66406
84209990,842099,42,Intermediate,13042416,10186129,13731419,15857221,3907752,12319988
84211900,842119,41,Capital,14061938,16368376,18545612,22148766,5573945,16325309
84212100,842121,41,Capital,292609600,292893408,335257536,313103360,85817440,306920192
84212200,842122,41,Capital,5689947,1878569,2186127,1513076,424514,3251547.75
84212900,842129,41,Capital,92242008,88382176,93616176,98328856,31543288,91413456
84213940,842139,41,Capital,8062519,5722889,6542628,9644156,4349475,6776012
84213980,842139,41,Capital,251660608,250541168,296864320,365261600,80257816,266355360
84219160,842191,42,Intermediate,7035586,7059654,9549265,9795111,3291166,7881501.5
84219900,842199,42,Intermediate,239289648,264597680,295995008,285230272,71282128,266627440
84221900,842219,41,Capital,962888,1226634,2162509,1008293,53338,1450677
84222000,842220,41,Capital,651024,4611339,1081635,1079164,2123092,2114666
84223011,842230,41,Capital,474400,439080,537411,277143,147317,483630.3438
84223091,842230,41,Capital,117076896,124005792,133085272,130572008,28409098,124722656
84224011,842240,41,Capital,1173360,1155500,5995125,1818319,89360,2774661.75
84224091,842240,41,Capital,24353416,26953078,29264700,34192472,7985110,26857064
84229006,842290,42,Intermediate,39350636,49390552,52178168,50854712,17491276,46973120
84229091,842290,42,Intermediate,26089884,25405872,26799436,29119204,4850812,26098398
84232010,842320,41,Capital,0,76672,275682,337480,73065,117451.3359
84232090,842320,41,Capital,0,113274,223232,348777,97252,112168.6641
84233000,842330,41,Capital,6928926,9036046,8069961,9460460,1760425,8011644.5
84238200,842382,41,Capital,36283452,31888694,26385936,23921636,7643323,31519360
84238910,842389,41,Capital,0,61447,506793,887531,305153,189413.3281
84238990,842389,41,Capital,0,524976,446463,303113,152810,323813
84239010,842390,42,Intermediate,0,4374803,14022725,16373126,4949291,6132509.5
84239090,842390,42,Intermediate,0,9244051,17317128,15731802,3561464,8853726
84248910,842489,41,Capital,0,5705920,12957092,7905056,896288,6221004
84249020,842490,42,Intermediate,2394845,2903026,4031950,3071680,659431,3109940.25
84251100,842511,41,Capital,38569692,26553264,20883748,12668480,4473409,28668902
84253901,842539,41,Capital,26886006,30788648,33690580,37367912,12320638,30455078
84264100,842641,41,Capital,250000,216459,312895,520400,37618,259784.6719
84264900,842649,41,Capital,3336133,1702167,140714,33998,9993,1726338
84269900,842699,41,Capital,5105212,2934876,2126392,35979568,519397,3388826.75
84271040,842710,41,Capital,3443792,5402541,11345633,11838548,2007828,6730655.5
84271080,842710,41,Capital,70563840,72685064,67493608,101206000,22449452,70247504
84272040,842720,41,Capital,90713984,87120192,108570416,83202056,14167344,95468200
84272080,842720,41,Capital,43809336,40239212,25827888,85295048,20453654,36625480
84282000,842820,41,Capital,2154187,4483369,6532115,5711159,502429,4389890.5
84283100,842831,41,Capital,624477,349880,338171,602053,348692,437509.3438
84283200,842832,41,Capital,1316123,2039639,806300,953661,255381,1387354
84283300,842833,41,Capital,6558517,4730679,19438504,14969465,2057505,10242567
84283900,842839,41,Capital,36936328,33292012,55406040,52283532,14920521,41878128
84289002,842890,41,Capital,139404368,160308992,176445312,146242272,31284766,158719552
84291100,842911,41,Capital,1059299,3158282,5068178,1845060,0,3095253
84291900,842919,41,Capital,27260,165780,220250,276624,0,137763.3281
84292000,842920,41,Capital,1708667,1079010,2691300,488342,8489,1826325.625
84293000,842930,41,Capital,0,271008,0,0,0,90336
84294000,842940,41,Capital,38344212,38582328,48258116,57378320,13009078,41728220
84295110,842951,41,Capital,28786294,20670316,78450024,143422752,70234664,42635544
84295150,842951,41,Capital,614153,56700,819815,1741290,68941,496889.3438
84295210,842952,41,Capital,30877036,44804720,88913008,163630288,90135536,54864920
84295250,842952,41,Capital,351800,6128362,14460323,10235246,0,6980161.5
84295910,842959,41,Capital,1446160,1128340,1840182,1067660,293216,1471560.625
84295950,842959,41,Capital,211007,5014041,821565,763261,0,2015537.625
84301000,843010,41,Capital,6278448,6287709,5400257,5374689,832244,5988804.5
84303100,843031,41,Capital,742917,380000,1573187,4938638,648603,898701.3125
84303900,843039,41,Capital,129462,1286271,1781911,4261303,2317073,1065881.375
84304100,843041,41,Capital,5037732,3806677,2929311,10000,0,3924573.25
84304980,843049,41,Capital,15895627,17427694,17145864,32912646,5790771,16823062
84305050,843050,41,Capital,101803,6160911,382012,219404,20525556,2214908.75
84306100,843061,41,Capital,1212243,1329007,3158720,3141995,1148753,1899990
84306901,843069,41,Capital,2754586,2781294,5491872,5077756,1711448,3675917.25
84311000,843110,42,Intermediate,88852336,83833136,92382304,81746032,20261344,88355928
84312000,843120,42,Intermediate,270119040,245481808,319205344,381418368,107983904,278268736
84313100,843131,42,Intermediate,89965736,93221184,99269016,105472800,34971632,94151976
84313900,843139,42,Intermediate,180163296,152867696,203655168,200489888,56786584,178895392
84314100,843141,42,Intermediate,48376660,43197376,65211688,97545088,34442652,52261908
84314200,843142,42,Intermediate,1269304,2095966,3357204,3160280,1121312,2240824.75
84314340,843143,42,Intermediate,16714166,8872957,21448658,35968532,1307076,15678594
84314380,843143,42,Intermediate,152355536,65267940,143497760,169109472,36591440,120373744
84314910,843149,42,Intermediate,39251364,32166542,37006164,49652264,13304655,36141356
84314990,843149,42,Intermediate,515560672,489977632,625663488,768825664,262547872,543733952
84321000,843210,41,Capital,561838,820857,952313,1002849,148768,778336
84322100,843221,41,Capital,556954,519904,702648,620955,123518,593168.6875
84328000,843280,41,Capital,2654638,4361975,6289708,7307361,3590645,4435440.5
84329000,843290,42,Intermediate,67437584,54021104,55893196,63783840,18412674,59117296
84332000,843320,41,Capital,5237917,4733638,3694093,5719538,1047944,4555216
84333000,843330,41,Capital,123670,264736,422020,415157,40346,270142
84334000,843340,41,Capital,153580,117184,47768,178447,95094,106177.3359
84335100,843351,41,Capital,5040426,9797419,14652184,5614337,0,9830010
84335200,843352,41,Capital,3145,17280,36500,9450,0,18975
84335300,843353,41,Capital,15489,0,2650,2850,4816,6046.333496
84335900,843359,41,Capital,16974,34528,12736,216955,25500,21412.66602
84336000,843360,41,Capital,197253,2574257,2894974,4551412,486051,1888828
84339050,843390,42,Intermediate,48329324,45432208,63618720,60151260,17771726,52460084
84342000,843420,41,Capital,69858,154743,499773,29482,3370,241458
84349000,843490,42,Intermediate,7386444,6811822,7261772,6961755,920669,7153346
84361000,843610,41,Capital,874978,835208,651043,3545095,107320,787076.3125
84362100,843621,41,Capital,1639226,1448728,3760861,2562705,624434,2282938.25
84362900,843629,41,Capital,349084,715677,1077435,665665,201679,714065.3125
84368000,843680,41,Capital,18727218,25614120,31807914,38641760,4570261,25383084
84369100,843691,42,Intermediate,9671382,6756306,7949655,3343451,272237,8125781
84369900,843699,42,Intermediate,27447432,34496048,42504248,38823412,7167723,34815908
84371000,843710,41,Capital,3224689,3597911,4317611,3641621,1553337,3713403.75
84378000,843780,41,Capital,3933217,2891143,3163043,1288696,114490,3329134.25
84379000,843790,42,Intermediate,17875902,16166662,11566776,13571951,4507232,15203113
84385000,843850,41,Capital,4952981,5641329,15311956,6018172,987134,8635422
84386000,843860,41,Capital,1167513,1878061,1898919,1920268,322734,1648164.375
84388000,843880,41,Capital,25362506,30755700,33492012,34219276,8330893,29870072
84389090,843890,42,Intermediate,15285076,15366776,14593779,17826922,3580929,15081877
84391000,843910,41,Capital,467872,753782,325322,363435,0,515658.6563
84392000,843920,41,Capital,2480680,620555,3657936,3001288,513567,2253057
84393000,843930,41,Capital,514742,3919291,4030424,982225,110000,2821485.75
84399110,843991,42,Intermediate,1370787,716095,2243588,5053169,3445682,1443490
84399190,843991,42,Intermediate,10570035,5034424,10564039,7394190,4679733,8722833
84399910,843999,42,Intermediate,27394436,14973819,15811298,16700082,12744036,19393184
84399950,843999,42,Intermediate,1492029,1221206,1002084,752836,58637,1238439.625
84412000,844120,41,Capital,1482030,724713,920459,447888,235790,1042400.688
84413000,844130,41,Capital,11729705,16769579,22659236,21291028,4366220,17052840
84414000,844140,41,Capital,2053114,3203418,2090353,1988753,385670,2448961.75
84418000,844180,41,Capital,5948982,6051586,13201453,7244404,1968727,8400674
84419000,844190,42,Intermediate,30332204,20936990,26131596,20939252,5184653,25800264
84423001,844230,41,Capital,15627436,17592016,10932086,8665360,1916607,14717179
84424000,844240,42,Intermediate,7071935,7303233,8244394,6178200,1046143,7539854
84431110,844311,41,Capital,0,0,0,0,0,0
84431150,844311,41,Capital,85480,1632389,454338,180739,0,724069
84431200,844312,41,Capital,13111,6343,103265,42000,0,40906.33203
84431300,844313,41,Capital,1777841,99068,298528,1129591,50000,725145.6875
84431400,844314,41,Capital,15375,97839,125560,137887,42225,79591.33594
84431700,844317,41,Capital,53024,193800,286757,40051,10626,177860.3281
84431930,844319,41,Capital,17826944,10028568,10924026,11482610,2003781,12926513
84439110,844391,0,Multiple,1149884,1015472,543250,340711,289450,902868.6875
84439920,844399,41,Capital,1206359168,981904960,681461120,300867392,29904990,956575104
84439945,844399,42,Intermediate,45818760,46385652,45263728,31069108,1791485,45822712
84440000,844400,41,Capital,9453773,933733,4606268,3546997,601102,4997924.5
84541000,845410,41,Capital,283488,276798,239567,136127,44641,266617.6563
84543000,845430,41,Capital,19108850,5522356,8004048,5914155,3974172,10878418
84549000,845490,42,Intermediate,30930492,39998816,31654752,28973644,7263413,34194688
84551000,845510,41,Capital,2193500,485880,1786612,1603245,793282,1488664
84552100,845521,41,Capital,140598,1029464,182206,1363287,1130536,450756
84552200,845522,41,Capital,3137421,4333817,4396288,8919456,2203016,3955842
84553000,845530,42,Intermediate,36047320,27870392,19811024,20127346,6373075,27909578
84559080,845590,42,Intermediate,25036476,17865808,15107313,12073880,6319093,19336532
84561110,845611,41,Capital,0,0,17716626,27460278,3992041,5905542
84561170,845611,41,Capital,0,0,402854,598164,11440,134284.6719
84561190,845611,41,Capital,0,0,6976646,8979397,2379714,2325548.75
84561210,845612,41,Capital,0,0,209912,82848,93500,69970.66406
84561270,845612,41,Capital,0,0,25000,226908,59994,8333.333008
84561290,845612,41,Capital,0,0,183349,115458,32182,61116.33203
84562010,845620,41,Capital,7800,78600,2326727,300479,22000,804375.6875
84562050,845620,41,Capital,88544,65836,14637,151381,192179,56339
84563010,845630,41,Capital,30381792,26250494,31368556,31001948,7425938,29333614
84563050,845630,41,Capital,213022,165043,85236,309819,183015,154433.6719
84564010,845640,41,Capital,0,0,3088928,6827900,1945980,1029642.688
84564090,845640,41,Capital,0,0,493418,433701,175525,164472.6719
84565000,845650,41,Capital,0,0,1249307,4053272,969768,416435.6563
84569031,845690,41,Capital,0,0,5074821,3474539,277745,1691607
84569071,845690,41,Capital,0,0,2196673,1374333,366308,732224.3125
84571000,845710,41,Capital,9157829,6943682,5821242,10975077,1866339,7307584.5
84572000,845720,41,Capital,89135,262334,35580,458962,0,129016.3359
84573000,845730,41,Capital,50364,150400,117455,1449317,63600,106073
84581100,845811,41,Capital,31086158,23595856,28415220,36884788,3561209,27699078
84581900,845819,41,Capital,16113079,13444666,13106030,12438014,4289197,14221258
84589110,845891,41,Capital,7758931,9267824,10886651,13819313,1855103,9304469
84589150,845891,41,Capital,0,152246,465836,1702024,0,206027.3281
84589910,845899,41,Capital,271042,274353,70474,46800,0,205289.6719
84589950,845899,41,Capital,1996775,1554292,1515382,1451956,340679,1688816.375
84591000,845910,41,Capital,55711,0,0,0,0,18570.33398
84592100,845921,41,Capital,459489,960647,1005960,725430,504000,808698.6875
84593100,845931,41,Capital,461860,1620611,265233,173035,377000,782568
84593900,845939,41,Capital,34250,215768,156625,649259,8429,135547.6719
84594100,845941,41,Capital,0,0,199415,218502,0,66471.66406
84594900,845949,41,Capital,0,0,84661,93901,198368,28220.33398
84595100,845951,41,Capital,253778,142589,89183,172078,28600,161850
84596100,845961,41,Capital,2792085,3599115,3671765,5046097,1193700,3354321.75
84596900,845969,41,Capital,5801361,6160634,5182368,5828254,1882580,5714787.5
84597040,845970,41,Capital,0,42513,44308,3844,0,28940.33398
84597080,845970,41,Capital,660738,917123,899432,1122359,335805,825764.3125
84601200,846012,41,Capital,0,0,17265,479231,0,5755
84601901,846019,41,Capital,0,0,1179633,1151718,185477,393211
84602200,846022,41,Capital,0,0,516985,539350,236270,172328.3281
84602300,846023,41,Capital,0,0,283906,341373,240934,94635.33594
84602400,846024,41,Capital,0,0,0,24178,0,0
84602901,846029,41,Capital,0,0,1369728,739880,212605,456576
84603100,846031,41,Capital,924678,820897,407970,943897,16500,717848.3125
84604040,846040,41,Capital,166203,2021464,723257,259725,415270,970308
84604080,846040,41,Capital,574606,276201,636682,706133,637802,495829.6563
84609040,846090,41,Capital,498619,163415,807753,1520261,174357,489929
84609080,846090,41,Capital,13018738,14949428,14187604,13785769,4380231,14051923
84612040,846120,41,Capital,128223,694587,728660,30940,0,517156.6563
84612080,846120,41,Capital,5530,28195,172288,26496,9000,68671
84613040,846130,41,Capital,0,0,114000,15440,0,38000
84613080,846130,41,Capital,14714,2857,2800,0,0,6790.333496
84614010,846140,41,Capital,94183,1214026,26050,262716,21054,444753
84614050,846140,41,Capital,60427,91623,123775,69513,3220,91941.66406
84615040,846150,41,Capital,862029,1179628,1014153,652454,249514,1018603.313
84619030,846190,41,Capital,15169,37960,161314,456389,2915,71481
84619060,846190,41,Capital,642651,675494,932688,1223602,234415,750277.6875
84621000,846210,41,Capital,8047946,7772997,28471080,19581640,3046840,14764008
84622100,846221,41,Capital,5321428,5585453,11877707,10823899,6202257,7594862.5
84622900,846229,41,Capital,18102742,22461830,19464796,19801624,4826562,20009790
84623100,846231,41,Capital,1445739,625574,755357,291600,140350,942223.3125
84623900,846239,41,Capital,8593201,5649410,4962186,5474237,1233141,6401599
84624100,846241,41,Capital,1474814,249769,2079542,688250,877899,1268041.625
84624900,846249,41,Capital,1690703,2597541,3512045,4370493,395841,2600096.25
84629140,846291,41,Capital,3253165,4439099,3081621,4327955,790949,3591295
84629180,846291,41,Capital,6474245,2495268,8763482,6646041,1641260,5910998.5
84629940,846299,41,Capital,656877,438382,725368,1188050,4030,606875.6875
84629980,846299,41,Capital,3152233,3553365,4443964,4004840,1099849,3716520.75
84631000,846310,41,Capital,2531351,1698393,1046817,1187744,675625,1758853.625
84632000,846320,41,Capital,78619,81522,211952,121048,165344,124031
84633000,846330,41,Capital,7209268,2494012,3244444,3394244,1251323,4315908
84639000,846390,41,Capital,3587808,4196058,4238675,5046599,1382995,4007513.75
84642001,846420,41,Capital,15244169,12726304,16222671,12269706,3448872,14731048
84649001,846490,41,Capital,14231067,16796092,17180312,17353332,3344682,16069157
84651000,846510,41,Capital,3512706,3306413,2716580,3082559,375153,3178566.25
84659200,846592,41,Capital,25372472,28921628,35661132,33733548,7594763,29985078
84659300,846593,41,Capital,21131700,21248976,23958976,22116520,5177669,22113218
84659400,846594,41,Capital,1696583,2822525,2383899,2201939,579079,2301002.25
84659902,846599,41,Capital,0,0,15960813,16187470,3834811,5320271
84661001,846610,42,Intermediate,195615024,202214944,240726976,260128896,71120664,212852320
84662010,846620,42,Intermediate,695025,519535,1415703,1709440,674603,876754.3125
84662080,846620,42,Intermediate,31617860,26859146,25836132,20167884,5157868,28104380
84663010,846630,42,Intermediate,316091,272707,465712,340738,58450,351503.3438
84663060,846630,42,Intermediate,8367029,6877577,6195244,4787709,533438,7146616.5
84669150,846691,42,Intermediate,8975944,8385609,8428130,8022515,2136550,8596561
84669210,846692,42,Intermediate,483130,547769,465664,305782,2174,498854.3438
84669250,846692,42,Intermediate,30585712,27814932,42267132,40248660,11248220,33555924
84669311,846693,42,Intermediate,762500,5283956,2297063,1074659,284179,2781173
84669330,846693,42,Intermediate,477784,991215,902773,824612,243492,790590.6875
84669353,846693,42,Intermediate,3321683,2768091,4757125,5871667,1919857,3615633
84669360,846693,42,Intermediate,172185,973061,1404930,1692516,484531,850058.6875
84669375,846693,42,Intermediate,200439,229093,81680,150979,18269,170404
84669396,846693,42,Intermediate,0,926189,1463027,1959826,500588,796405.3125
84669398,846694,42,Intermediate,0,10920223,30117856,33287344,6321371,13679360
84669420,846694,42,Intermediate,1456394,1098803,1727853,844026,846807,1427683.375
84669440,846694,42,Intermediate,1969372,1101418,1106838,631765,284766,1392542.625
84669465,846694,42,Intermediate,1242504,791270,419134,2049970,349868,817636
84669485,846694,42,Intermediate,20723240,22300890,25175444,25738276,3621378,22733192
84671110,846711,41,Capital,16022486,14869302,15883918,14773412,4705732,15591902
84671150,846711,41,Capital,54380696,48659820,52635224,51712720,12551068,51891912
84682050,846820,41,Capital,541718,259255,765654,516668,129832,522209
84688050,846880,41,Capital,5871334,1985204,1460537,1752339,327649,3105691.75
84717030,847170,41,Capital,2646475,3206551,3453984,3076784,198835,3102336.75
84717040,847170,41,Capital,1363108608,1230128512,884640768,446610912,17802138,1159292672
84717060,847170,41,Capital,457792544,262308720,413091552,306595424,35361388,377730944
84717090,847170,41,Capital,281829888,158979856,181493152,98353784,11173534,207434304
84733020,847330,42,Intermediate,27174012,29764636,29608200,21926692,2448728,28848950
84734010,847340,42,Intermediate,22812860,16526306,9605670,9343716,3130046,16314945
84734086,847340,42,Intermediate,0,31762500,97653480,76941072,10287485,43138660
84735030,847350,42,Intermediate,11564642,10185870,11028842,8584834,803504,10926451
84741000,847410,41,Capital,15469789,11840075,11003315,10576040,4767327,12771060
84742000,847420,41,Capital,12054009,20578372,16141692,13353210,4285392,16258024
84743100,847431,41,Capital,15700119,15153004,17020604,15491567,5114357,15957909
84743200,847432,41,Capital,50000,53936,98810,55113,3580,67582
84743900,847439,41,Capital,887310,3252527,2152803,2378633,796254,2097546.75
84748000,847480,41,Capital,3727528,4495371,3341315,6109160,970218,3854738
84749000,847490,42,Intermediate,131120272,120440872,140671200,152503376,41758388,130744112
84751000,847510,41,Capital,78656,64786,45117,503054,0,62853
84752100,847521,41,Capital,16342,824122,49880,10827,0,296781.3438
84759010,847590,42,Intermediate,90267,247739,175503,1667931,73965,171169.6719
84759090,847590,42,Intermediate,39057072,11170841,16208351,9323055,1902605,22145422
84771030,847710,41,Capital,718061,400128,292044,67334,0,470077.6563
84771040,847710,41,Capital,58950,44500,230935,12900,0,111461.6641
84771090,847710,41,Capital,83251408,112647816,154204128,134399776,20162006,116701120
84772000,847720,41,Capital,6746380,8452759,8727775,13990622,5619719,7975638
84773000,847730,41,Capital,4716409,5828367,9567895,8506586,1316321,6704223.5
84774001,847740,41,Capital,1214593,1688495,2045423,1411876,285430,1649503.625
84775100,847751,41,Capital,13849586,3285484,36494416,12473741,2456332,17876496
84778000,847780,41,Capital,29569052,49819336,78699912,55774016,7098013,52696100
84779025,847790,42,Intermediate,10981071,4929819,6246559,8777542,3198038,7385816.5
84779045,847790,42,Intermediate,1912221,2455499,2951253,4205634,1391923,2439657.75
84779065,847790,42,Intermediate,341429,357391,200996,1061104,66236,299938.6563
84779085,847790,42,Intermediate,129453776,103709152,151661360,130194440,30600828,128274760
84791000,847910,41,Capital,3938690,5432802,6183535,5732319,1217118,5185009
84792000,847920,41,Capital,2354188,3849729,8031233,4436727,506766,4745050
84793000,847930,41,Capital,229620,733228,1082427,2880567,100987,681758.3125
84794000,847940,41,Capital,5138766,4841069,9581694,3829739,1375609,6520509.5
84795000,847950,41,Capital,20246464,15509783,15242961,14295690,2483724,16999736
84798100,847981,41,Capital,16738608,7312971,8076428,7071011,1676314,10709336
84798200,847982,41,Capital,36854544,32914002,39397816,45895096,15133216,36388788
84798983,847989,41,Capital,1232595,41602,285317,379315,0,519838
84798992,847989,41,Capital,0,728933,1872962,1588170,458469,867298.3125
84799094,847990,42,Intermediate,204170496,171294080,211500800,257944512,65250392,195655120
84802000,848020,41,Capital,5204110,4417140,6322072,11866674,2190950,5314440.5
84803000,848030,41,Capital,1605921,2054740,1655507,3461943,748066,1772056
84804100,848041,41,Capital,21970160,20490152,22511614,19441488,5631554,21657308
84804900,848049,41,Capital,10622520,11732879,9410300,13204580,3073421,10588566
84805000,848050,41,Capital,15823035,13164618,13965408,13427217,3615440,14317687
84807110,848071,41,Capital,764823,1328294,1478661,2246944,127222,1190592.625
84807140,848071,41,Capital,3013828,2869375,4135591,2694724,496725,3339598
84807180,848071,41,Capital,337781472,339997920,426510240,420531104,127079944,368096544
84811000,848110,42,Intermediate,54994988,57969240,63514960,54678148,12346250,58826396
84812000,848120,42,Intermediate,49904828,47551436,75551720,76210312,15777961,57669328
84813020,848130,42,Intermediate,55679728,48084272,46996400,67294032,20419604,50253468
84813090,848130,42,Intermediate,9640457,9650809,12495722,12875984,3367897,10595663
84814000,848140,42,Intermediate,39776800,29492012,36542528,38580072,10730011,35270448
84819090,848190,42,Intermediate,695580352,514490624,666586624,684627200,164716032,625552512
84821050,848210,42,Intermediate,249582000,232800288,264304880,288752544,92427976,248895728
84822000,848220,42,Intermediate,89858208,78219008,86464616,84646520,24013258,84847280
84823000,848230,42,Intermediate,24831516,23751456,29964386,35140728,8844966,26182452
84824000,848240,42,Intermediate,34486416,27563124,29724492,30522516,9843030,30591344
84825000,848250,42,Intermediate,30065052,25503916,30454382,39207744,13339885,28674450
84828000,848280,42,Intermediate,4048860,2991753,3388762,4213220,1340071,3476458.25
84829100,848291,42,Intermediate,25166956,20345676,19916920,23138880,6337908,21809850
84829905,848299,42,Intermediate,22577924,22864236,30598056,31218492,10574380,25346738
84829915,848299,42,Intermediate,30292512,20596966,24483976,32728688,11384220,25124484
84829925,848299,42,Intermediate,11838809,13320861,13834438,16547230,5665726,12998036
84829935,848299,42,Intermediate,1491757,1772493,2443900,2092089,459285,1902716.625
84829945,848299,42,Intermediate,681869,642440,831610,1911375,167439,718639.6875
84829965,848299,42,Intermediate,6745032,8980465,10808910,8653726,4860195,8844802
84833040,848330,42,Intermediate,12097801,14013458,15781663,19201600,5590476,13964307
84834010,848340,42,Intermediate,20854686,11063088,10934342,9419462,2422030,14284039
84834030,848340,42,Intermediate,2273743,2127319,3375535,2374784,337637,2592199
84834080,848340,42,Intermediate,1399874,1130875,2012268,2983236,1058908,1514339
84834090,848340,42,Intermediate,127261232,135445856,142128048,100785888,19015612,134945040
84835060,848350,42,Intermediate,17255968,15788834,20529346,22124650,9725037,17858050
84835090,848350,42,Intermediate,99807848,90940152,94370688,102303344,39257716,95039560
84836040,848360,42,Intermediate,11481525,8421224,9997747,10860970,3544072,9966832
84839010,848390,42,Intermediate,47285472,38463344,39290440,45471512,17124352,41679752
84839020,848390,42,Intermediate,972758,908547,720922,399752,128638,867409
84839030,848390,42,Intermediate,20846356,16296685,12401553,25422512,11485557,16514865
84839070,848390,42,Intermediate,254383,1348760,1346617,1844508,218125,983253.3125
84839080,848390,42,Intermediate,133854992,117416840,137677824,132187760,43957568,129649888
84841000,848410,42,Intermediate,38769336,28314848,39361028,41599080,11553196,35481736
84842000,848420,42,Intermediate,10942882,12746085,18073614,25138560,7260096,13920860
84849000,848490,42,Intermediate,9851830,7912327,7483279,5688636,1196240,8415812
84871000,848710,42,Intermediate,8257936,3843983,3174832,2145697,1337559,5092250.5
84879000,848790,42,Intermediate,29115212,35954088,44521728,44771916,11042719,36530344
85011040,850110,41,Capital,258497520,225841680,247117616,256315136,73961416,243818944
85012020,850120,41,Capital,6621029,6570290,7617388,5697802,1893988,6936235.5
85012050,850120,41,Capital,60335,38804,85770,162641,133686,61636.33203
85012060,850120,41,Capital,15519773,11285614,10886557,10216119,2155067,12563981
85013120,850131,41,Capital,123858384,114922784,104920392,83398728,20689848,114567184
85013150,850131,41,Capital,336029,321102,600800,671722,269719,419310.3438
85013160,850131,41,Capital,33336972,43905120,49270788,38818472,8917941,42170960
85013245,850132,41,Capital,286329,793100,3268419,1455685,31099,1449282.625
85013255,850132,41,Capital,2432445,3332193,2417489,1985227,701798,2727375.75
85013340,850133,41,Capital,662423,208067,4075693,2436370,139944,1648727.625
85013360,850133,41,Capital,865750,2175062,103505,77630,11454,1048105.688
85013430,850134,41,Capital,438081,3621389,22909,842321,290209,1360793
85013460,850134,41,Capital,45947,213470,15223193,1597064,68090,5160870
85015120,850151,41,Capital,2203354,3853337,5907491,3353387,611880,3988060.75
85015140,850151,41,Capital,179464592,130827624,106964120,77007472,12349259,139085440
85015150,850151,41,Capital,718324,1517809,1398371,850982,481435,1211501.375
85015160,850151,41,Capital,7967071,9734733,12131109,9718065,1795430,9944304
85015280,850152,41,Capital,77799320,67792256,89790912,89891184,21627138,78460832
85015340,850153,41,Capital,11916524,11777472,18202316,21203164,13380398,13965437
85015380,850153,41,Capital,41361900,27862316,40948060,33903568,7644939,36724092
85016200,850162,41,Capital,11889233,20036580,23999556,42877660,17262036,18641790
85016300,850163,41,Capital,465329,8235321,12119059,13696794,4594123,6939903
85016400,850164,41,Capital,62876608,67692240,52784400,51307244,11493351,61117748
85021100,850211,41,Capital,24891128,21896240,21618786,26989192,12503120,22802052
85021200,850212,41,Capital,6279525,4127601,12828965,9501343,488786,7745363.5
85021300,850213,41,Capital,2312885,2772495,2483019,2995421,153166,2522799.75
85023100,850231,41,Capital,26363162,36249580,53280636,794519,278194,38631128
85023900,850239,41,Capital,4731965,1919547,2118311,3894434,889921,2923274.25
85024000,850240,41,Capital,379357,512358,301908,1481088,84594,397874.3438
85030020,850300,42,Intermediate,8285212,6206361,7494348,7313586,1672605,7328640.5
85030035,850300,42,Intermediate,7249670,5295092,5695974,5840053,1771801,6080245.5
85030045,850300,42,Intermediate,1884651,2064271,2195443,1557283,21129,2048121.625
85030065,850300,42,Intermediate,73813968,60132992,61628852,88843624,46035120,65191936
85030075,850300,42,Intermediate,1729557,2032822,3053481,3373350,772202,2271953.25
85030090,850300,42,Intermediate,4766880,2748826,1269149,1651941,342309,2928285
85042100,850421,41,Capital,1536780,1023762,2741949,3613628,1151924,1767497
85042200,850422,41,Capital,3139363,1576425,1091852,1762902,752367,1935880
85042300,850423,41,Capital,50722984,29637696,18864854,25908236,9051768,33075178
85043200,850432,41,Capital,31023628,33540950,31149060,24726380,5808091,31904546
85043300,850433,41,Capital,5129773,5716328,6098376,6613245,1719674,5648159
85043400,850434,41,Capital,8672948,8611086,10412523,16844836,8269363,9232186
85044040,850440,41,Capital,170323520,178645712,209159536,194252160,35295212,186042928
85049041,850490,42,Intermediate,0,15034448,39077172,33215656,3529838,18037206
85049065,850490,42,Intermediate,17818328,18133908,20204988,21286700,6765311,18719074
85049075,850490,42,Intermediate,44626060,37399480,37827888,38017220,10486813,39951144
85049096,850490,42,Intermediate,0,62819000,176743648,192844624,42314800,79854216
85051910,850519,41,Capital,6983005,7715191,7675259,5805360,1313264,7457818.5
85052000,850520,41,Capital,16118407,15982291,20868064,19021740,6816675,17656254
85059030,850590,41,Capital,2842908,2990960,2800665,2172390,58983,2878177.75
85059040,850590,41,Capital,6983931,7094252,9092820,4346899,206822,7723667.5
85059070,850590,41,Capital,0,315263,471637,514691,281864,262300
85059075,850590,41,Capital,0,49969140,103793656,100834696,33900396,51254264
85064010,850640,63,Consumption,2378442,378546,874786,170668,20758,1210591.375
85064050,850640,63,Consumption,342594,313776,255018,62764,3860,303796
85065000,850650,63,Consumption,60693860,74132440,90016168,62276608,10722990,74947488
85066000,850660,63,Consumption,2667452,1728679,2100920,1921025,442617,2165683.75
85069000,850690,22,Intermediate,3829556,4015956,3246765,2041883,358490,3697425.75
85079080,850790,22,Intermediate,23499346,30787722,39859272,54413408,19770974,31382114
85141000,851410,41,Capital,17183244,16770149,16271138,14267345,1737068,16741510
85142060,851420,41,Capital,145930,63790,7129,530231,0,72283
85142080,851420,41,Capital,2356887,1340004,475045,1780053,389269,1390645.375
85143010,851430,41,Capital,0,1671581,3905291,5378348,2109979,1858957.375
85143090,851430,41,Capital,0,5047150,7882792,6713625,1191395,4309980.5
85144000,851440,41,Capital,1345927,2192937,1117674,2144049,622033,1552179.375
85149080,851490,42,Intermediate,13985551,15661474,16235356,18543944,4998959,15294127
85151100,851511,41,Capital,7256382,6905823,7977588,8123841,2374040,7379931
85151900,851519,41,Capital,4686966,6341766,4793139,6907810,1187245,5273957
85152100,851521,41,Capital,880996,1394661,17078644,3079058,716028,6451433.5
85152900,851529,41,Capital,7678556,6581218,10592848,8379896,1884167,8284207.5
85153100,851531,41,Capital,6342438,4458552,3735860,3269628,769287,4845616.5
85153900,851539,41,Capital,33933560,40727172,61257668,64921788,15241996,45306132
85158000,851580,41,Capital,10442749,13482312,18689220,15179847,3164572,14204760
85159020,851590,42,Intermediate,38356080,31366096,34865420,39671676,12196456,34862532
85159040,851590,42,Intermediate,13176432,14033011,14741953,11177571,2356883,13983799
85255070,852550,41,Capital,13653355,18695674,16417587,18294864,4055563,16255539
85256010,852560,41,Capital,184557104,178552768,178769104,119165296,19128124,180626320
85256020,852560,41,Capital,120874608,353907648,619183680,153134368,1811330,364655296
85258010,852580,41,Capital,3280757,5002113,3899566,3525879,129777,4060812
85258020,852580,61,Consumption,914843,1684428,2674612,2274081,494766,1757961
85261000,852610,41,Capital,3372573,3509426,4000561,15360564,5599244,3627520
85269100,852691,41,Capital,813476608,844844288,432815520,260950720,23388036,697045504
85269250,852692,41,Capital,154201136,135037344,130184496,129011728,30568722,139807664
85279915,852799,41,Capital,29663800,32428528,37972964,19975368,1099107,33355098
85279940,852799,41,Capital,3262698,3003650,3098686,1103746,171376,3121678
85291040,852910,42,Intermediate,88435528,70890392,85775760,63969928,10232620,81700560
85299005,852990,42,Intermediate,0,61669,56298,66612,135533,39322.33203
85299006,852990,42,Intermediate,4802248,4596655,3545058,2328853,570071,4314653.5
85299009,852990,42,Intermediate,2779903,1512052,821573,846010,96470,1704509.375
85299016,852990,42,Intermediate,2944047,4191962,7087959,13071811,7632361,4741322.5
85299019,852990,42,Intermediate,2128313,2329143,3651755,3241897,311196,2703070.25
85299022,852990,42,Intermediate,145454080,121214080,123515040,66515760,8073937,130061064
85299024,852990,42,Intermediate,0,263438,898801,827603,70245,387413
85299029,852990,42,Intermediate,164472,135245,568522,333958,22568,289413
85299033,852990,42,Intermediate,4375,0,0,4369,0,1458.333374
85299046,852990,42,Intermediate,281934,207631,116737,177539,34180,202100.6719
85299063,852990,42,Intermediate,451300,236957,546842,156452,10020,411699.6563
85299068,852990,42,Intermediate,0,3318676,7574136,3817953,369516,3630937.25
85299073,852990,42,Intermediate,1001264,406941,1325910,2571369,85093,911371.6875
85299078,852990,42,Intermediate,1211392,1012669,1135580,1085874,106809,1119880.375
85299081,852990,42,Intermediate,17650252,24198262,23450524,22929608,7361053,21766346
85299083,852990,42,Intermediate,4003775,4868827,11097144,3257651,1318063,6656582
85299089,852990,42,Intermediate,1471720,1973284,1728060,621836,304888,1724354.625
85299093,852990,42,Intermediate,15223636,12927797,14806457,6474460,2252116,14319297
85299095,852990,42,Intermediate,2593011,3244470,2143160,2235686,981488,2660213.75
85299097,852991,7,Unspecified,8060441,6791168,8255096,12203691,4818188,7702235
85299099,852991,7,Unspecified,181609888,234728112,220754528,133056952,18246148,212364176
85301000,853010,41,Capital,4785745,981839,2150502,2357231,1209317,2639362
85308000,853080,41,Capital,17821844,13983029,18621134,14101785,4110287,16808668
85309000,853090,42,Intermediate,35404924,36895792,37804088,27604604,10160392,36701600
85321000,853210,41,Capital,17735344,15913659,14374342,17169312,4818992,16007782
85322100,853221,41,Capital,30787084,29235028,32101580,31416716,6773230,30707898
85322200,853222,41,Capital,43805368,40884536,44915608,45033424,11502036,43201836
85322300,853223,41,Capital,7006033,7139031,7009131,8873298,1613206,7051398.5
85322400,853224,41,Capital,68454584,60874932,74910480,135304912,43800164,68080000
85322500,853225,41,Capital,52210684,45780728,52164088,51893392,15461902,50051832
85322900,853229,41,Capital,22104664,22568984,22069904,27786452,3718772,22247850
85323000,853230,41,Capital,4554086,5481744,4211455,5064302,851516,4749095
85329000,853290,42,Intermediate,4561546,4287282,4196113,3412139,1018903,4348313.5
85331000,853310,42,Intermediate,7699025,6713928,6705300,8143591,1729432,7039417.5
85332100,853321,42,Intermediate,43791360,43794016,44315640,63122024,13722770,43967004
85332900,853329,42,Intermediate,18643762,8742225,18523592,19388202,4042883,15303193
85333100,853331,42,Intermediate,897479,425316,428229,594000,177041,583674.6875
85334040,853340,42,Intermediate,26802070,31830344,33968488,28576288,5813580,30866968
85334080,853340,42,Intermediate,118899288,101368568,94204848,89084880,21645798,104824232
85339080,853390,42,Intermediate,2518735,3283360,3676018,6458729,1003077,3159371
85351000,853510,42,Intermediate,15571354,20619688,20578944,13765791,4477265,18923328
85352100,853521,42,Intermediate,2875605,2695167,4991543,4039150,1136784,3520771.75
85352900,853529,42,Intermediate,11085227,9607976,7440862,4708158,909120,9378022
85353000,853530,42,Intermediate,17451592,9160417,10128833,9018857,1686354,12246947
85359040,853590,42,Intermediate,1198709,734506,402743,1827644,276340,778652.6875
85359080,853590,42,Intermediate,49261080,50319540,53351540,43143000,11646856,50977388
85361000,853610,42,Intermediate,17639192,19381924,13867700,18978292,4379390,16962938
85362000,853620,42,Intermediate,45631700,55207936,59367320,54287960,18235968,53402320
85363040,853630,42,Intermediate,12840213,8472689,10236394,11185368,3599436,10516432
85364100,853641,42,Intermediate,117787072,102218216,124478424,130785568,36557496,114827904
85364900,853649,42,Intermediate,110290312,110110912,121258584,124771104,36710604,113886600
85365040,853650,42,Intermediate,24445940,21120804,19436020,19384454,5953718,21667588
85365090,853650,42,Intermediate,419377856,415893152,484902592,448216704,125863192,440057856
85366940,853669,42,Intermediate,495257536,535297024,543460160,537807424,117157640,524671584
85369040,853690,42,Intermediate,138758992,130546464,141295872,152119744,38151428,136867104
85369085,853690,42,Intermediate,0,97096912,192301728,208588928,57598024,96466216
85371060,853710,42,Intermediate,21578496,11626176,19569668,20735400,3750045,17591446
85371080,853710,42,Intermediate,0,4933598,25944068,28423732,8021757,10292555
85372000,853720,42,Intermediate,7947265,6127381,7254243,4989742,2167401,7109629.5
85381000,853810,42,Intermediate,15105336,18509820,19482494,18863666,8741802,17699216
85389040,853890,42,Intermediate,743446,780830,1189801,1311862,207958,904692.3125
85389060,853890,42,Intermediate,155713104,179796464,187691456,161930064,22995062,174400336
85389081,853890,42,Intermediate,0,125207600,253241744,273756288,69948040,126149784
85394100,853941,42,Intermediate,5569010,5576567,4163591,3130975,937337,5103056
85399000,853990,22,Intermediate,12491514,14365150,18237976,14205050,2397471,15031547
85407910,854079,42,Intermediate,0,32950,0,0,0,10983.33301
85407920,854079,42,Intermediate,3381,2108,0,0,0,1829.666626
85408900,854089,42,Intermediate,5245675,5030085,4883710,4833847,1299833,5053156.5
85412100,854121,42,Intermediate,53851224,78191072,72892008,61696444,15737826,68311432
85412900,854129,42,Intermediate,212176992,189514000,212172240,287721280,84318664,204621072
85413000,854130,42,Intermediate,29241284,26039938,28920218,28518528,6126325,28067146
85414020,854140,42,Intermediate,580858112,652521088,626420288,491437088,92549360,619933184
85414070,854140,42,Intermediate,2037582,1013217,1477946,1790478,313365,1509581.625
85414080,854140,42,Intermediate,34844056,41847592,52757352,59906120,16538140,43149668
85414095,854140,42,Intermediate,21898164,18975952,13615637,13845605,3215950,18163252
85415000,854150,42,Intermediate,21297006,30995356,34629232,27162490,4399483,28973864
85416000,854160,42,Intermediate,170180352,242229184,167920112,108756616,12799944,193443216
85419000,854190,42,Intermediate,42545524,30742416,36092048,28285484,14773001,36459996
85431000,854310,41,Capital,63825,844692,1017123,501227,1115229,641880
85432000,854320,41,Capital,3592102,3950044,9425351,6856958,1693844,5655832.5
85433020,854330,41,Capital,0,1542246,798735,475732,21800,780327
85433090,854330,41,Capital,0,10812551,28865946,30153588,9751101,13226166
85437020,854370,41,Capital,1807688,2737599,2675961,1825599,170205,2407082.75
85437042,854370,41,Capital,0,3632577,8948705,5815950,187243,4193760.75
85437060,854370,41,Capital,1261447,2232194,3497348,3183400,611299,2330329.75
85437080,854370,41,Capital,125256,97932,967123,255100,23011,396770.3438
85437095,854370,41,Capital,0,2510323,6896848,5661075,709195,3135723.75
85437097,854371,7,Unspecified,0,2672486,2736114,1864492,373157,1802866.625
85439012,854390,42,Intermediate,0,26241056,23590040,17354734,5690176,16610365
85439015,854390,42,Intermediate,299670,411485,1370450,1018979,456738,693868.3125
85439035,854390,42,Intermediate,2335920,1906282,6206333,3046582,333993,3482845
85439065,854390,42,Intermediate,1587522,2023146,4963794,4420734,548876,2858154
85439068,854390,42,Intermediate,37557312,45607592,42144316,24932928,5792913,41769740
85441100,854411,22,Intermediate,23682380,21026960,23230120,25548478,3881511,22646486
85441900,854419,22,Intermediate,5199311,5540121,6594195,5349537,1037048,5777875.5
85443000,854430,53,Intermediate,635519680,579116608,486111392,493699584,177105280,566915904
85444930,854449,22,Intermediate,44225812,43418736,63538684,74199360,12573290,50394412
85444990,854449,22,Intermediate,116929232,116615824,156770944,115584432,8458536,130105336
85446020,854460,22,Intermediate,15435804,12131128,13853220,26138276,7292830,13806717
85446040,854460,22,Intermediate,9954087,7147193,35263392,40096220,9703473,17454890
85447000,854470,22,Intermediate,228094816,215333872,283693120,256643232,47608880,242373936
86011000,860110,521,Capital,0,0,0,0,0,0
86031000,860310,521,Capital,13073,0,1814333,7631767,0,609135.3125
86039000,860390,521,Capital,0,0,221000,0,0,73666.66406
86040000,860400,521,Capital,14190,0,107400,21095,0,40530
86071200,860712,53,Intermediate,314791,1239407,0,84474,14693,518066
86071906,860719,53,Intermediate,1228420,1292767,358025,457288,28853,959737.3125
86071912,860719,53,Intermediate,93848400,17643520,24731448,26851456,10138631,45407788
86071915,860719,53,Intermediate,598610,768071,566103,1230637,1045560,644261.3125
86071990,860719,53,Intermediate,33075744,20851712,12077671,20104904,11182770,22001708
86072110,860721,53,Intermediate,23267678,14064950,10268426,9829945,2558223,15867018
86072150,860721,53,Intermediate,2996893,2430935,1919215,2750878,955250,2449014.25
86072910,860729,53,Intermediate,721315,388587,346155,572114,214103,485352.3438
86072950,860729,53,Intermediate,4823456,3698785,3771342,2337130,574126,4097861
86079100,860791,53,Intermediate,74728032,45650292,36907864,23686252,7425402,52428728
86079910,860799,53,Intermediate,63511876,35628484,24525876,30342268,5166755,41222080
86079950,860799,53,Intermediate,13692479,14834964,22858636,43418136,12543589,17128692
86080000,860800,41,Capital,9722489,6928856,7764735,7833107,1784704,8138693.5
87011001,870110,41,Capital,0,0,253710,0,0,84570
87013010,870130,41,Capital,1801543,1655362,9692396,5621144,0,4383100.5
87021031,870210,521,Capital,0,0,8144987,3085334,678051,2714995.75
87021061,870210,521,Capital,0,0,0,0,0,0
87022031,870220,521,Capital,0,0,0,0,0,0
87022061,870220,521,Capital,0,0,0,0,0,0
87023031,870230,521,Capital,0,0,0,0,0,0
87023061,870230,521,Capital,0,0,0,0,0,0
87024031,870240,521,Capital,0,0,21933,2381917,6152900,7311
87024061,870240,521,Capital,0,0,577880,778883,176760,192626.6719
87029031,870290,521,Capital,0,0,17247708,6407842,206288,5749236
87029061,870290,521,Capital,0,0,78283,39096,0,26094.33398
87032101,870321,51,Unspecified,0,0,214553344,213167536,30792540,71517784
87032201,870322,51,Unspecified,0,0,4369301,28469884,857499,1456433.625
87032301,870323,51,Unspecified,0,0,1457739264,1587479296,462241696,485913088
87032401,870324,51,Unspecified,0,0,38615160,7077480,88000,12871720
87033101,870331,51,Unspecified,0,0,174390,0,0,58130
87033201,870332,51,Unspecified,0,0,2231236,1721394,1045158,743745.3125
87033301,870333,51,Unspecified,0,0,1356061,0,0,452020.3438
87034000,870340,51,Unspecified,0,0,1860855,1736143,0,620285
87035000,870350,51,Unspecified,0,0,0,0,0,0
87036000,870360,51,Unspecified,0,0,11648096,109268144,9437493,3882698.75
87037000,870370,51,Unspecified,0,0,16123,32352,0,5374.333496
87038000,870380,51,Unspecified,0,0,3927817,3009460,1199992,1309272.375
87039001,870390,51,Unspecified,0,0,15269495,345021,250593,5089831.5
87041010,870410,521,Capital,48060,68000,490369,350000,0,202143
87041050,870410,521,Capital,0,4950,2039,46148,0,2329.666748
87042100,870421,521,Capital,0,48200,0,0,0,16066.66699
87042210,870422,521,Capital,758700,321148,1982066,0,0,1020638
87042250,870422,521,Capital,37765,0,0,0,0,12588.33301
87042300,870423,521,Capital,0,0,0,0,0,0
87043100,870431,521,Capital,113784,64906,669160,4339744,211297,282616.6563
87043200,870432,521,Capital,0,0,0,0,0,0
87053000,870530,521,Capital,0,0,0,0,0,0
87054000,870540,521,Capital,0,0,152085,67080,0,50695
87060025,870600,53,Intermediate,0,0,2425,0,0,808.333313
87060030,870600,53,Intermediate,0,0,0,5842,0,0
87091100,870911,41,Capital,1658241,3333326,3375799,1193989,2830463,2789122
87091900,870919,41,Capital,2528747,6158209,6887759,3769222,592806,5191571.5
87099000,870990,42,Intermediate,30436228,25719662,28196784,27670074,7328790,28117558
87115000,871150,522,Consumption,3000,7500,0,0,0,3500
88021100,880211,521,Capital,22713468,13269971,14884863,862820,124809,16956100
88021200,880212,521,Capital,0,0,0,0,0,0
88022000,880220,522,Consumption,2056107,1950639,1301136,739310,376403,1769294
88023000,880230,521,Capital,0,0,0,0,0,0
88024000,880240,521,Capital,0,0,0,0,0,0
88026030,880260,521,Capital,0,0,0,0,0,0
88026090,880260,521,Capital,0,0,0,0,0,0
88031000,880310,53,Intermediate,171645,494440,299989,769725,43039,322024.6563
88032000,880320,53,Intermediate,7219727,7473264,27443504,18895576,2922487,14045498
88033000,880330,53,Intermediate,451801088,441094048,459976480,526105088,198457744,450957216
88039030,880390,53,Intermediate,104688,0,0,32234,0,34896
88039090,880390,53,Intermediate,1333220,4064940,4058348,3942193,431006,3152169.25
88051000,880510,7,Unspecified,4200,11575,0,4506,0,5258.333496
88052100,880521,7,Unspecified,81134,23720,2038,0,6500,35630.66797
88052900,880529,7,Unspecified,186379,186488,228276,219859,118048,200381
89011000,890110,521,Capital,0,14300,0,19636,0,4766.666504
89012000,890120,521,Capital,0,0,0,0,0,0
89019000,890190,521,Capital,124000,0,6286,35585,0,43428.66797
89020000,890200,521,Capital,0,9510,19230,192050,0,9580
89040000,890400,521,Capital,0,0,0,0,0,0
89051000,890510,41,Capital,6880,0,0,0,33972,2293.333252
89052000,890520,41,Capital,0,0,0,0,0,0
89059050,890590,41,Capital,0,7671,9000,79500,0,5557
89069000,890690,7,Unspecified,3623820,2963871,234052,262431,283600,2273914.25
89080000,890800,21,Intermediate,15700,5971,0,0,0,7223.666504
90029020,900290,22,Intermediate,1147984,1290534,1783967,2524727,850876,1407495
90029040,900290,22,Intermediate,686798,1191413,3530215,2282690,666792,1802808.625
90029070,900290,22,Intermediate,36442,2006,24080,266417,0,20842.66602
90029095,900290,22,Intermediate,16830216,17870276,20926052,25758880,6598030,18542182
90111040,901110,41,Capital,551682,793756,2597193,2536163,784089,1314210.375
90111080,901110,41,Capital,5474713,5597607,7841384,8672897,2408419,6304568
90112040,901120,41,Capital,2066690,1962348,2443869,2235424,366704,2157635.75
90119000,901190,42,Intermediate,17624812,16526439,14706325,15378605,4418578,16285859
90121000,901210,41,Capital,2339361,2589735,3069954,1775068,299038,2666350
90129000,901290,42,Intermediate,1782790,1727841,2685177,2027374,758473,2065269.375
90131045,901310,41,Capital,0,25869,97826,67731,89745,41231.66797
90132000,901320,41,Capital,34244156,40190840,41484040,31379252,8604053,38639680
90138070,901380,41,Capital,172305920,227976800,274639104,219234096,26648428,224973936
90141070,901410,41,Capital,1599212,1185882,1041526,1107075,764062,1275540
90142020,901420,41,Capital,131746,110723,4509447,3247624,0,1583972
90142040,901420,41,Capital,1008246,424211,57526,0,0,496661
90142060,901420,41,Capital,40740,503080,439096,959204,225217,327638.6563
90142080,901420,41,Capital,761997,2248379,1133181,897866,132424,1381185.625
90148010,901480,41,Capital,186583,206794,214270,209457,41682,202549
90148020,901480,41,Capital,3053363,2276343,3923485,6178448,1087794,3084397
90148040,901480,41,Capital,24832552,6648478,63759324,103934144,19425836,31746784
90148050,901480,41,Capital,1493744,1152260,1619547,680604,262832,1421850.375
90149010,901490,42,Intermediate,12897,55036,132724,252916,1478522,66885.66406
90149020,901490,42,Intermediate,32720,266984,83087,974653,348771,127597
90149040,901490,42,Intermediate,4698,78783,300733,49130,22841,128071.3359
90149060,901490,42,Intermediate,14210178,6391111,5250034,8600868,5681296,8617108
90151080,901510,41,Capital,2161894,2960187,5600868,5973107,3712033,3574316.25
90152040,901520,41,Capital,12681653,8707356,12045060,8483527,2018586,11144690
90152080,901520,41,Capital,252633,213291,133544,256508,31316,199822.6719
90154040,901540,41,Capital,13294,153235,344199,414446,0,170242.6719
90154080,901540,41,Capital,110017,132500,19369,88256,12375,87295.33594
90158020,901580,41,Capital,599209,254653,602490,711542,185108,485450.6563
90158060,901580,41,Capital,63896,490330,547808,174405,172219,367344.6563
90158080,901580,41,Capital,51898404,48439224,56603068,43267816,6259261,52313564
90181130,901811,41,Capital,2296170,2620975,3438258,3377736,642277,2785134.25
90181160,901811,41,Capital,942966,658020,484843,830162,129357,695276.3125
90181190,901811,41,Capital,13038155,15847439,13539206,16013794,5112183,14141600
90181200,901812,41,Capital,61827696,70570272,86008320,101114288,22827402,72802096
90181300,901813,41,Capital,47310468,52520396,44933716,52246556,1850083,48254860
90181400,901814,41,Capital,43638,527173,403046,470744,0,324619
90181940,901819,41,Capital,22665204,21885916,23309012,22912732,8525414,22620044
90181955,901819,41,Capital,49073528,60612704,64500788,57691100,11635148,58062340
90181975,901819,41,Capital,18168114,17503836,21341212,17972144,4562829,19004388
90181995,901819,41,Capital,383626816,355372480,333477312,311558240,87188240,357492192
90182000,901820,41,Capital,7865219,6527545,8184366,8137061,2111880,7525710
90189020,901890,41,Capital,9027529,12144213,13468820,10651910,4482392,11546854
90189030,901890,41,Capital,43939596,48211576,53069124,49489688,14380746,48406764
90189060,901890,41,Capital,55233512,49637092,43871592,62635668,21559900,49580732
90189075,901890,41,Capital,54140908,57161256,47774524,57936864,18239142,53025564
90215000,902150,61,Consumption,21289,31698,313223,19660,2200,122070
90221200,902212,41,Capital,147692304,170469968,134618144,108252736,14369167,150926800
90221300,902213,41,Capital,47250,46069,176374,36723,0,89897.66406
90221400,902214,41,Capital,32778052,38899100,40120008,50507816,16107570,37265720
90221900,902219,41,Capital,18965860,21084508,16423376,20566228,2698003,18824582
90222100,902221,41,Capital,981452,1442181,4894116,1112830,5007514,2439249.75
90222980,902229,41,Capital,37769,19011,406331,528944,156543,154370.3281
90223000,902230,42,Intermediate,7171784,6928243,8578948,11897189,4792947,7559658.5
90229005,902290,42,Intermediate,2902819,3920031,5468825,6986016,1329460,4097225
90229015,902290,42,Intermediate,0,2147,0,73446,0,715.666687
90229025,902290,42,Intermediate,18217292,25576672,21271468,24407840,5489879,21688478
90229040,902290,42,Intermediate,797883,1203977,1668877,1281503,246926,1223579
90229060,902290,42,Intermediate,138679968,162637952,178170160,172920000,52467720,159829360
90229095,902290,42,Intermediate,10208890,11359659,11668939,12695944,4455569,11079163
90241000,902410,41,Capital,7339671,4919233,5524311,4048647,609197,5927738.5
90248000,902480,41,Capital,7333684,6265773,6084485,5071657,1564803,6561314
90249000,902490,42,Intermediate,5432828,4174188,4403521,3486228,1767539,4670179
90261020,902610,41,Capital,70133408,42485988,39954672,47221892,11998524,50858024
90262040,902620,41,Capital,92791872,102841480,134228032,126752288,31315120,109953792
90268020,902680,41,Capital,14156084,16085539,17631068,19299478,3911299,15957564
90269020,902690,42,Intermediate,48938492,39236056,55160176,54459400,15033652,47778240
90269040,902690,42,Intermediate,18049744,17636412,23646992,16976730,2985588,19777716
90269060,902690,42,Intermediate,50613816,38416296,38436912,38572984,9784129,42489008
90272050,902720,41,Capital,66905472,52037288,55184344,33777968,4013025,58042368
90272080,902720,41,Capital,565361,369973,526219,510601,43336,487184.3438
90273040,902730,41,Capital,44570616,51749056,48422432,32491664,6311632,48247368
90273080,902730,41,Capital,2083464,3625784,5617500,4299840,541852,3775582.75
90275010,902750,41,Capital,60021,113003,148857,475847,77904,107293.6641
90275040,902750,41,Capital,134454704,127413176,137707712,123862240,23764552,133191864
90275080,902750,41,Capital,3429704,3717998,7006915,10492949,2329473,4718205.5
90278025,902780,41,Capital,8192,3210,308170,298647,9000,106524
90278045,902780,41,Capital,130601504,119048752,120178312,139529792,51552280,123276192
90278080,902780,41,Capital,20627072,17768532,16489475,17938560,2940511,18295026
90279045,902790,41,Capital,7932610,7346852,8597125,10624082,3329498,7958862.5
90279054,902790,41,Capital,126024256,68602400,8459803,5859077,1517229,67695488
90279056,902790,41,Capital,0,48006464,113404936,123128728,45248444,53803800
90279059,902790,41,Capital,0,13316720,26521282,27873228,7673674,13279334
90279064,902790,41,Capital,1917350,2632794,3417607,4727236,1677727,2655917
90279084,902790,41,Capital,2013140,2788478,4677188,7055433,1230942,3159602
90279088,902790,41,Capital,3802543,5304734,8750754,9021216,1713623,5952677
90289000,902890,42,Intermediate,63398152,59945704,62929240,70866224,15539651,62091032
90301000,903010,41,Capital,1133953,4415440,11587130,9616867,1235996,5712174.5
90302005,903020,41,Capital,351192,327004,881930,471113,18587,520042
90303334,903033,41,Capital,0,28100192,37512868,17762168,4403623,21871020
90303338,903033,41,Capital,0,21147544,52604988,80669088,31460896,24584178
90303901,903039,41,Capital,19937404,18355796,19898628,16907276,4057415,19397276
90304000,903040,41,Capital,71999840,76856704,83451432,65955924,8300927,77435992
90308200,903082,41,Capital,30859000,46367212,32285152,37220768,3640123,36503788
90309025,903090,42,Intermediate,1068051,1552191,3966747,5591500,1850636,2195663
90309046,903090,42,Intermediate,0,727296,1789746,3062774,1195411,839014
90309066,903090,42,Intermediate,27538368,21754838,24933492,15274533,2436089,24742232
90309068,903090,42,Intermediate,16188195,12501337,12366539,14580352,4568918,13685357
90309084,903090,42,Intermediate,23212566,26267570,35538480,49892516,7283578,28339538
90309089,903090,42,Intermediate,0,14583179,26978192,28769988,7383243,13853790
90311000,903110,41,Capital,4143785,5736353,10143329,6627272,1423107,6674489
90312000,903120,41,Capital,1078238,3264918,3255195,4139488,615960,2532783.75
90314100,903141,41,Capital,2549042,2290002,1745459,3210890,1197383,2194834.25
90314910,903149,41,Capital,1416907,1225474,1540207,1706898,480838,1394196
90314940,903149,41,Capital,683436,2003965,1351062,1338459,322570,1346154.375
90314970,903149,41,Capital,136250,12938,8508,38736,50443,52565.33203
90314990,903149,41,Capital,84647536,106458936,124349120,127118200,31667546,105151864
90318040,903180,41,Capital,635187,76795,299768,204888,0,337250
90318080,903180,41,Capital,351312448,346512224,326634176,298895104,63598688,341486272
90319021,903190,42,Intermediate,0,77040,481646,487132,79072,186228.6719
90319054,903190,42,Intermediate,7551286,5734094,6520249,5626514,2367859,6601876.5
90319059,903190,42,Intermediate,0,4942065,10267770,12132413,4296997,5069945
90319070,903190,42,Intermediate,416738,379000,625769,374163,141218,473835.6563
90319091,903190,42,Intermediate,0,22256182,49160180,49045120,15486186,23805454
90321000,903210,41,Capital,283471488,325471712,412301664,425800576,92705240,340414944
90322000,903220,41,Capital,529919,395938,649548,828638,650650,525135
90328100,903281,41,Capital,7820823,4760544,7189459,8257115,1477325,6590275.5
90328920,903289,41,Capital,4979701,5921648,8617124,15468179,1786521,6506157.5
90328940,903289,41,Capital,9451143,8756185,8146834,16377034,1677912,8784721
90328960,903289,41,Capital,268408832,322929376,327143808,270579328,66099612,306160672
90329021,903290,42,Intermediate,0,1534700,2283623,4134979,625652,1272774.375
90329041,903290,42,Intermediate,0,1629198,4193505,3479081,351717,1940901
90329061,903290,42,Intermediate,0,26816036,57932824,49032224,11335673,28249620
90330020,903300,42,Intermediate,0,204469,2788859,3637797,690029,997776
90330030,903300,42,Intermediate,0,31093,101115,185104,74387,44069.33203
90330090,903300,42,Intermediate,0,4054832,10854583,9320332,2108838,4969805
